Href, ImageUrl, Title, Rating, NumRatings, DataSupplier, DataAuthor, DataPublisher, DataPublishYear, DataSize, DataBookLayout, Des, DataQtyOfPage, Cate0, Cate1, Cate2, Cate3, PriceSpecial, PriceOld
https://www.fahasa.com/microsoft-office-powerpoint-2016-443273.html https://cdn0.fahasa.com/media/catalog/product/9/7/9786045840511.jpg "

					Microsoft Office Powerpoint 2016				" "" "(0 đánh giá)" "
				    Bộ Phận SX-XB Cty Fahasa				" "
				    Nhiều Tác Giả				" "
				    Tổng Hợp TP.HCM				" "
				    2023				" "
				    27.5 x 20.5 x 1.6 cm				" "
				    Bìa Mềm				" "
Microsoft Office Powerpoint 2016
IIG Việt Nam - Đại diện chính thức & duy nhất của tổ chức Khảo thí Certiport và Viện Khảo thí Giáo dục Hoa Kỳ ( ETS) tại Việt Nam chuyên cung cấp các bài thi:
- Tin học quốc tế: MOS (Microsoft Office Specialist), IC3 (Internet and Computing Core Certification), ACA (Adove Certified Associate) , MTA (Microsoft Techonology Associate).
- Tiếng Anh quốc tế: TOEIC Speaking & Writing, TOEIC Listening & Reading, TOEIC Bridge, TOEFL ITP, TOEFL iBT, TOEFL Junior, TOEFL Primary, SAT, GRE... tại Việt Nam. 
" "
				    282				" "Sách tiếng Việt" "Khoa học kỹ thuật" "Tin học" "null" "70.200 đ" "78.000 đ"
https://www.fahasa.com/chinh-phuc-cac-dang-toan-thuc-te-thcs-voi-may-tinh-casio-fx-580-vn-x-casio-fx-570-vn-plus.html https://cdn0.fahasa.com/media/catalog/product/1/0/109427245_3052261904809171_8930975660767821119_n.jpg "

					Chinh Phục Các Dạng Toán Thực Tế THCS Với Máy Tính Casio FX - 580 VN X / CASIO FX - 570 VN PLUS				" "5.0" "(1 đánh giá)" "
Bình Tây " "
				    Nhiều Tác Giả				" "
				    NXB Đại Học Sư Phạm				" "
				    2020				" "
				    24 x 17 cm				" "
				    Bìa Mềm				" "
Chinh Phục Các Dạng Toán Thực Tế THCS Với Máy Tính Casio FX - 580 VN X / CASIO FX - 570 VN PLUS
Tổng hợp các dạng toán thực tế THCS theo từng chuyên đề cụ thể. Đưa ra bài giải chi tiết cho các bài toán dưới hình thức tự luận cùng với sự hỗ trợ của Casio fx-580VNX và Casio fx-570VN Plus. 
" "
				    278				" "Sách tiếng Việt" "Khoa học kỹ thuật" "Tin học" "null" "162.000 đ" "180.000 đ"
https://www.fahasa.com/kham-pha-bi-mat-chatgpt-va-ai-dinh-cao.html https://cdn0.fahasa.com/media/catalog/product/b/i/bia-kham-pha-bi-mat-chat-gpt-va-ai-dinh-cao--bia-1.jpg "

					Khám Phá Bí Mật ChatGPT Và AI Đỉnh Cao				" "" "(0 đánh giá)" "
Thái Hà " "
				    Nguyễn Minh Toàn, Edurich				" "
				    Công Thương				" "
				    2023				" "
				    23 x 15 x 0.9 cm				" "
				    Bìa Mềm				" "
Khám Phá Bí Mật ChatGPT Và AI Đỉnh Cao
Trí tuệ nhân tạo (AI) là một trong những chủ đề nóng hổi và đầy hứa hẹn trong thế giới công nghệ ngày nay. Ở thời đại mà công nghệ phát triển mạnh mẽ và cuộc cách mạng số hóa đang thay đổi mọi khía cạnh của cuộc sống, AI mang đến cơ hội đột phá, giúp nâng cao hiệu quả công việc và mở ra vô số cơ hội kinh doanh, kiếm tiền mới mà trước đây bạn chỉ có thể mơ ước. Song, sự phát triển mạnh mẽ của AI cũng đặt ra nhiều thách thức cho con người trong tương lai như những rủi ro về việc làm, bảo mật và tính bền vững. Như vậy, bạn cần làm gì để có thể tận dụng những lợi ích mà AI mang lại và chuẩn bị cho những thách thức trong tương lai?
ChatGPT - Một công cụ Trí tuệ nhân tạo mà chỉ vỏn vẹn trong 2 tháng kể từ khi ra mắt, đã thành hiện tượng toàn cầu. Với khả năng xử lý ngôn ngữ tự nhiên và sáng tạo nội dung vượt bậc, ChatGPT có thể giải đáp lưu loát tất cả các thắc mắc dù là ở bất kỳ lĩnh vực nào chỉ trong tích tắc. Sự bùng nổ của ChatGPT đã tạo ra vô vàn cơ hội mới để phát triển và nâng cao năng lực cạnh tranh cho các cá nhân và doanh nghiệp.
Cuốn sách “Khám phá bí mật ChatGPT và AI đỉnh cao” của tác giả Nguyễn Minh Toàn sẽ giúp bạn tiếp cận một cách tự tin và có hiểu biết sâu hơn về thế giới AI. Với nó, bạn sẽ nắm vững kiến thức cơ bản về AI và Chat GPT, hiểu rõ cách chúng hoạt động, và khám phá những bí quyết để sử dụng chúng hiệu quả trong công việc kinh doanh của bạn.
Đây không chỉ làcuốn sách thông thường mà nó thực sự là một tài sản cần thiết cho bất kỳ ai muốn tận dụng sức mạnh của công nghệ AI kiếm tiền online trong kỷ nguyên số. AI không thay thế con người, mà chính bạn phải làm chủ AI.
Đôi nét về tác giả
Nguyễn Minh Toàn là một doanh nhân, chuyên gia hoạt động trong lĩnh vực kinh doanh và đào tạo. Ông đã sáng lập các thương hiệu hàng đầu: KHATECH GROUP, EDURICH và AI ACADEMY, đào tạo và huấn luyện trong các lĩnh vực AI, ChatGPT, Digital Marketing, giải pháp chuyển đổi số và đầu tư bất động sản giúp cho doanh nhân và những người trẻ đầy hoài bão, khao khát học hỏi và thành công. 
" "
				    192				" "Sách tiếng Việt" "Khoa học kỹ thuật" "Tin học" "null" "194.480 đ" "286.000 đ"
https://www.fahasa.com/xu-ly-anh-voi-arduino-va-raspberry.html https://cdn0.fahasa.com/media/catalog/product/i/m/image_195509_1_51657.jpg "

					Xử Lý Ảnh Với Arduino Và Raspberry				" "" "(0 đánh giá)" "null" "
				    ThS Nguyễn Trần Minh Nguyệt, KS Phạm Quang Huy				" "
				    NXB Thanh Niên				" "
				    2020				" "
				    24 x 16 cm				" "
				    Bìa Mềm				" "
Môn học xử lý ảnh đã và đang được đưa vào giảng dạy tại các trường chuyên ngành Điện-Điện tử. Hầu như sinh viên các ngành Điện tử, Viễn thông, Tự động hóa, Điện công nghiệp, Cơ điện tử… đều học môn học này để có cơ sở thiết kế các mạch điện tự động khống chế một quy trình liên quan đến xử lý ảnh nào đó. Xử lý ảnh có quan hệ chặt chẽ đến lĩnh vực xử lý ảnh số và thị giác máy tính đã và đang phát triển rất nhanh trong kỷ nguyên công nghiệp 4.0 cả về chiều sâu lẫn chiều rộng.
Số lượng các ứng dụng trong lĩnh vực này cũng đang phát triển mạnh từ xử lý ảnh y sinh, nhận dạng khuôn mặt, cảm nhận từ xa (remote sensing), kiểm định công nghiệp đến xử lý tài liệu văn bản. Từ kỹ thuật nano đến cơ sở dữ liệu truyền thông đa phương tiện. Tự động hóa gắn liền với cảm biến giúp chúng ta có thể đo các thông số cần thiết như nhiệt độ, áp suất, độ ẩm, ánh sáng, sức căng, tốc độ, màu sắc, nhận dạng vật thể… từ đó phản hồi các thông số đo được về mạch điều khiển để cho ra tín hiệu điều khiển đáp ứng yêu cầu đề ra. Nếu trước đây việc học xử lý ảnh ngoài việc học lý thuyết, sinh viên và các học viên cao học thường sử dụng công cụ Matlab với các Tools chuyên dùng cho xử lý ảnh để lập trình giải quyết các vấn đề theo yêu cầu đề ra. Tuy nhiên, trong thực tế: Kết quả có được sau khi xử lý cần phải thông qua một bo mạch điện tử (thường là vi xử lý hay vi điều khiển) để điều khiển thì quá trình mới hoàn thiện. Các tài liệu giảng dạy xử lý ảnh thường rất khó hiểu và thiên về lý thuyết rất khô khan, phần thực hành ít được được đề cập đến, các giảng viên thường xem phần này như là bài tập. Nếu có thực hành tại xưởng thì chủ yếu là dùng phần mềm Matlab để giải quyết.
Việc kết hợp phần cứng với phần mềm sẽ là giải pháp toàn diện. Bộ phận điều khiển (phần cứng) thì tùy vào thời điểm mà có những thiết kế với các linh kiện khác nhau. Nếu trước đây các nhà thiết kế sử dụng các linh kiện rời như Op-Amp, vi điều khiển PIC, ARM… thì nay sử dụng các bo mạch chuyên dùng như Arduino, Intel Galileo, Raspberry, Beaglebone… Riêng lĩnh vực xử lý ảnh do xử lý nhiều đối tượng cả về âm thanh, hình ảnh (truyền thông đa phương tiện), dữ liệu liên quan đến IoT nên Raspberry chiếm ưu thế hơn so với các bo mạch hiện có. 
" "
				    464				" "Sách tiếng Việt" "Khoa học kỹ thuật" "Tin học" "null" "154.800 đ" "172.000 đ"
https://www.fahasa.com/giao-trinh-auto-card-ly-thuyet-va-thuc-hanh.html https://cdn0.fahasa.com/media/catalog/product/9/7/9786043818604.jpg "

					Giáo Trình Auto Card - Lý Thuyết Và Thực Hành				" "" "(0 đánh giá)" "
				    Cty Thương mại STK				" "
				    Phạm Phương Hoa, Phạm Quanh Hiển				" "
				    Thanh Niên				" "
				    2022				" "
				    24 x 16 x 1.7 cm				" "
				    Bìa Mềm				" "
Giáo Trình Auto Card - Lý Thuyết Và Thực Hành
CAD là từ viết tắt của Computer Aided Design. Đây là quy trình dùng để thiết kế và soạn thảo các thành phần trên máy vi tính. Quá trình này bao gồm việc thiết kế và tạo ra các bản vẽ của sản phẩm hoặc hệ thống. AutoCAD là một trong những gói phần mềm CAD đầu tiên được phát triển và giới thiệu ra thị trường bởi Autodesk Inc vào năm 1982 và là phần mềm CAD được sử dụng rộng rãi nhất. AutoCAD có thể được sử dụng để tạo mô hình hai chiều (2D) và ba chiều (3D) của sản phẩm. Các mô hình này có thể được chuyển sang các chương trình máy tính khác để phân tích và thử nghiệm thêm. Ngoài ra, bạn có thể chuyển đổi các mô hình máy tính này thành dữ liệu số. Dữ liệu số này có thể được sử dụng trong thiết bị sản xuất như trung tâm gia công, máy tiện, nhà máy hoặc nhanh máy tạo mẫu để sản xuất sản phẩm. Các lệnh và các khái niệm được giới thiệu bởi AutoCAD được sử dụng bởi các hệ thống khác.
Đối với sinh viên, kỹ sư chuyên ngành kỹ thuật, việc học AutoCAD mang lại cho bạn một lợi thế lớn hơn so với bất kỳ phần mềm CAD nào khác. Bộ sách học AutoCAD gồm 5 quyển được biên soạn nhằm mục đích hỗ trợ người học có thể tự học AutoCAD. Đối tượng được hướng đến là các sinh viên và kỹ sư muốn tìm hiểu phần mềm AutoCAD 2022 và 2021để tạo, thiết kế và vẽ 2D và 3D các thành phần hoặc bất kỳ ai muốn làm việc với các bản vẽ kỹ thuật.
Bộ sách Tự học AutoCAD gồm 5 cuốn.
1. GIÁO TRÌNH AutoCAD PHẦN CƠ BẢN (LÝ THUYẾT-THỰC HÀNH).
2. GIÁO TRÌNH AutoCAD PHẦN N NG CAO (LÝ THUYẾT-THỰC HÀNH).
3. GIÁO TRÌNH AutoCAD 3D (LÝ THUYẾT-THỰC HÀNH).
4. BÀI TẬP THỰC HÀNH AutoCAD.
5. TỰ HỌC AutoCAD 2022-BÀI TẬP THỰC HÀNH.
Trong đó 3 cuốn đầu trình bày cả lý thuyết và bài tập, quyển thứ tư và năm trình bày chủ yếu là bài tập thực hành. Các tập từ 1 đến 3 được thực hiện trên phiên bản AutoCAD 2021, tập 4 và 5 thực hiện trên phiên bản mới nhất của AutoCAD đó là AutoCAD 2D và AutoCAD 3D 2022. Về mặt kỹ thuật cả hai phiên bản 2021 và 2022 có giao diện làm việc rất giống nhau nên việc cài đặt phiên bản nào trong máy của người học để thực hiện các nội dung trong bộ sách này đều tốt. 
" "
				    415				" "Sách tiếng Việt" "Khoa học kỹ thuật" "Tin học" "null" "165.600 đ" "184.000 đ"
https://www.fahasa.com/ic3-doi-song-truc-tuyen-an-ban-moi-2018-tai-ban.html https://cdn0.fahasa.com/media/catalog/product/i/m/image_195509_1_51671.jpg "

					IC3 - Đời Sống Trực Tuyến (Ấn Bản Mới 2018) - Tái Bản				" "" "(0 đánh giá)" "null" "
				    IIG Việt Nam				" "
				    NXB Tổng Hợp TPHCM				" "null" "null" "
				    Bìa Mềm				" "
IIG Việt Nam - Đại diện chính thức & duy nhất của tổ chức Khảo thí Certiport và Viện Khảo thí Giáo dục Hoa Kỳ ( ETS) tại Việt Nam chuyên cung cấp các bài thi:
- Tin học quốc tế: MOS (Microsoft Office Specialist), IC3 (Internet and Computing Core Certification), ACA (Adove Certified Associate) , MTA (Microsoft Techonology Associate).
- Tiếng Anh quốc tế: TOEIC Speaking & Writing, TOEIC Listening & Reading, TOEIC Bridge, TOEFL ITP, TOEFL iBT, TOEFL Junior, TOEFL Primary, SAT, GRE... tại Việt Nam. 
" "null" "Sách tiếng Việt" "Khoa học kỹ thuật" "Tin học" "null" "47.500 đ" "50.000 đ"
https://www.fahasa.com/chuyen-doi-so-hay-la-chet.html https://cdn0.fahasa.com/media/catalog/product/9/7/9786048047771.jpg "

					Chuyển Đổi Số Hay Là Chết				" "" "(0 đánh giá)" "
				    Công ty Cổ Phần Sách Điện Tử Lộc				" "
				    Nicolas Windpassinger				" "
				    Thông Tin Và Truyền Thông				" "
				    2020				" "
				    20.5 x 14.5 x 1.4 cm				" "
				    Bìa Mềm				" "
Chuyển Đổi Số Hay Là Chết
Nội dung Chuyển đổi số là xu thế tất yếu trong thời đại ngày nay, đó là cơ hội cho Việt Nam nói chung và các doanh nghiệp nói riêng vượt lên trong cuộc Cách mạng công nghiệp 4.0, nhưng cũng là nguy cơ tụt hậu, bị bỏ lại ngày càng xa nếu chúng ta không quan tâm đến nó. Chuyển đổi số không đơn giản là qua trình số hóa và nâng cấp mức độ ứng dụng công nghệ thông tin và truyền thông, mà là một bước ngoặt, tạo nên đột phá to lớn trong phát triển kinh tế - xã hội.
Trong CHUYỂN ĐỔI SỐ HAY LÀ CHẾT, Nicolas Windpassinger đã phân tích hiện tượng chuyển đổi số từ công nghệ đến mô hình kinh doanh, từ các tổ chức am hiểu kỹ thuật sô đến các chiến lược, tất cả đều theo một phương pháp tinh tế và độc đáo mà ông đã phát triển. Trong cuốn sách này, ông cũng đưa ra đánh giá những tiềm năng và hứa hẹn của IoT, cũng như cách để chuẩn bị chiến lược chuyển đổi số một cách thành công cho tất cả các doanh nghiệp.
Bằng cách đó, “Chuyển đổi số hay là chết” đã mở ra một thế giới của các triển vọng và cho phép bạn thống trị thị trường của mình. 
" "
				    311				" "Sách tiếng Việt" "Khoa học kỹ thuật" "Tin học" "null" "178.200 đ" "198.000 đ"
https://www.fahasa.com/blockchain-co-ban.html https://cdn0.fahasa.com/media/catalog/product/8/9/8935235239845.jpg "

					Blockchain Cơ Bản				" "" "(0 đánh giá)" "
Nhã Nam " "
				    Daniel Drescher				" "
				    Hà Nội				" "
				    2023				" "
				    20.5 x 14 x 1.8 cm				" "
				    Bìa Mềm				" "
Blockchain Cơ Bản
CÙNG TÌM HIỂU VỀ BLOCKCHAIN - THỨ ĐÃ, ĐANG VÀ SẼ KHIẾN THẾ GIỚI CÔNG NGHỆ THAY ĐỔI HOÀN TOÀN!
Blockchain là gì? Tại sao nó xuất hiện? Chúng ta có cần hiểu blockchain? Và liệu một người kém công nghệ như tôi có thể dễ dàng nắm bắt được nó hay không?
Với 25 bước tiếp cận đơn giản, không công thức toán học, không ngôn ngữ lập trình, và không yêu cầu nền tảng kỹ thuật, Blockchain cơ bản sẽ giải đáp toàn bộ câu hỏi trên thông qua lối trình bày dễ hiểu và gần gũi nhất. Bạn sẽ được chỉ lối để tiến vào cuộc hành trình tìm kiếm tri thức với những hình ảnh trực quan, so sánh tượng trưng và liên hệ thực tế về khái niệm cơ bản, cách hoạt động, cũng như ứng dụng của blockchain trong thời đại công nghệ số.
Tác giả Drescher đã xây dựng cây cầu nối giữa hai khía cạnh thuần kỹ thuật và thuần thương mại của blockchain bằng những khái niệm nền tảng có thể áp dụng cho nhiều lĩnh vực trong tương lai. 
" "
				    376				" "Sách tiếng Việt" "Khoa học kỹ thuật" "Tin học" "null" "140.400 đ" "180.000 đ"
https://www.fahasa.com/ic3-spark-cac-ung-dung-chu-chot-tap-2-microsoft-excel-va-microsoft-powerpoint-tai-ban.html https://cdn0.fahasa.com/media/catalog/product/i/m/image_195509_1_51674.jpg "

					IC3 Spark - Các Ứng Dụng Chủ Chốt - Tập 2: Microsoft Excel Và Microsoft Powerpoint (Tái Bản)				" "" "(0 đánh giá)" "null" "
				    IIG Việt Nam				" "
				    NXB Tổng Hợp TPHCM				" "null" "null" "
				    Bìa Mềm				" "
Bài thi IC3 (Internet and Computing Core Certification) và MOS (Microsoft Office Specialist) là hai bài thi tin học quốc tế do Certiport (Mỹ) – Tập đoàn Khảo thí tin học hàng đầu thế giới – phát triển và cung cấp.
IC3 đo lường và chứng nhận các kỹ năng máy tính tổng quát (bao gồm từ phần cứng đến phần mềm, hệ điều hành, các ứng dụng và Internet), còn MOS đánh giá các kiến thức và kỹ năng cần thiết để sử dụng thành thạo các ứng dụng tin học văn phòng Microsoft Office như MS Word, MS Excel, MS Powerpoint… 
Đây là chứng chỉ tin học cơ bản và chứng chỉ tin học văn phòng hàng đầu thế giới, được ưa thích sử dụng bởi các chính phủ, tổ chức trong công tác tuyển dụng và quản trị nhân sự.
Tại Việt Nam, IC3 và MOS ngày càng trở nên phổ biến và do IIG Việt Nam – Đại diện quốc gia của Certiport tại Việt Nam – cung cấp theo ủy quyền duy nhất của Certiport. 
" "null" "Sách tiếng Việt" "Khoa học kỹ thuật" "Tin học" "null" "39.000 đ" "0"
https://www.fahasa.com/ic3-cac-ung-dung-can-ban-an-ban-moi-2018-tai-ban.html https://cdn0.fahasa.com/media/catalog/product/i/m/image_195509_1_51675.jpg "

					IC3 - Các Ứng Dụng Căn Bản (Ấn Bản Mới 2018) (Tái Bản)				" "" "(0 đánh giá)" "null" "
				    IIG Việt Nam				" "
				    NXB Tổng Hợp TPHCM				" "null" "null" "
				    Bìa Mềm				" "
IIG Việt Nam - Đại diện chính thức & duy nhất của tổ chức Khảo thí Certiport và Viện Khảo thí Giáo dục Hoa Kỳ ( ETS) tại Việt Nam chuyên cung cấp các bài thi:
- Tin học quốc tế: MOS (Microsoft Office Specialist), IC3 (Internet and Computing Core Certification), ACA (Adove Certified Associate) , MTA (Microsoft Techonology Associate).
- Tiếng Anh quốc tế: TOEIC Speaking & Writing, TOEIC Listening & Reading, TOEIC Bridge, TOEFL ITP, TOEFL iBT, TOEFL Junior, TOEFL Primary, SAT, GRE... tại Việt Nam. 
" "null" "Sách tiếng Việt" "Khoa học kỹ thuật" "Tin học" "null" "66.500 đ" "70.000 đ"
https://www.fahasa.com/lap-trinh-voi-vi-dieu-khien-pic-ly-thuyet-thuc-hanh.html https://cdn0.fahasa.com/media/catalog/product/9/7/9786043719956.jpg "

					Lập Trình Với Vi Điều Khiển PIC - Lý Thuyết - Thực Hành				" "" "(0 đánh giá)" "
				    Cty Thương mại STK				" "
				    Nguyễn Đình Phú, Trương Ngọc Anh, Phan Văn Hoàn				" "
				    Thanh Niên				" "
				    2023				" "
				    24 x 16 cm				" "
				    Bìa Mềm				" "
Bộ vi xử lý ngày càng phát triển đa năng và được sử dụng hầu hết trong các hệ thống điều khiển trong công nghiệp cũng như trong các thiết bị điện tử dân dụng. Chính vai trò, chức năng của vi xử lý đã đem lại nhiều ưu điểm, nhiều tính năng đặc biệt cho các hệ thống điều khiển. Các nhà nghiên cứu không ngừng nghiên cứu các hệ thống điều khiển và sử dụng vi xử lý để thay thế nhằm nâng cao khả năng tự động thay thế cho con người, và cũng chính vì thế đã thúc đẩy lĩnh vực vi xử lý ngày càng phát triển không ngừng, đáp ứng yêu cầu điều khiển. Để đơn giản bớt sự phức tạp của phần cứng khi dùng vi xử lý, các nhà nghiên cứu đã tích hợp hệ vi xử lý, bộ nhớ, các ngoại vi thành một vi mạch duy nhất gọi là vi điều khiển. Nội dung giáo trình này nghiên cứu các kiến thức cơ bản của vi điều khiển. Do có nhiều họ vi điều khiển khác nhau, từ hệ 8 bit cho đến hệ 32 bit, mức độ tích hợp từ đơn giản đến phức tạp, nhiều hãng chế tạo khác nhau, nhiều chủng loại khác nhau có thể làm cho người bắt đầu học hay nghiên cứu gặp nhiều bỡ ngỡ không biết bắt đầu từ hệ nào cho phù hợp, chính vì thế giáo trình này chỉ trình bày họ vi điều khiển 8 bit của hãng Microchip nhằm giúp các bạn sinh viên ngành Điện nói chung có giáo trình để học tập và nghiên cứu một cách dễ dàng. Các ứng dụng dùng vi điều khiển ở nhiều cấp độ khác nhau từ đơn giản đến phức tạp, giáo trình này chỉ trình bày các ứng dụng đơn giản để các bạn có thể đọc hiểu, từ các kiến thức cơ bản đó bạn có thể thực hiện các ứng dụng điều khiển phức tạp hơn. Phần bài tập kèm theo giúp bạn giải quyết các yêu cầu phức tạp. Từ các kiến thức cơ bản của vi điều khiển 8 bit, các bạn hoàn toàn có thể tự nghiên cứu các vi điều khiển nhiều bit hơn như 16 bit, 32 bit.
Trong năm 2022 Khoa Điện trường Đại học Sư phạm Kỹ thuật biên soạn bộ sách học lập trình PIC và VHDL trong thiết kế vi mạch số gồm những quyển sau:
LẬP TRÌNH VỚI VI ĐIỀU KHIỂN PIC (LÝ THUYẾT-THỰC HÀNH)
VI ĐIỀU KHIỂN VÀ ỨNG DỤNG-GIÁO TRÌNH THỰC HÀNH PICVI ĐIỀU KHIỂN VÀ ỨNG DỤNG
LẬP TRÌNH ĐIỀU KHIỂN VỚI PIC
GIÁO TRÌNH THỰC HÀNH THIẾT KẾ VI MẠCH SỐ BẰNG VHDL-XILINX
Tập 1 (Lý thuyết) và tập 2 (thực hành) là giáo trình sử dụng cho môn học Vi xử lý tại Khoa Điện trường Đại học Sư Phạm Kỹ thuật TP.HCM.
Tập 3 là tài liệu tham khảo, nội dung trình bày trong tập 3 chủ yếu là các bài tập thực hành giúp sinh viên củng cố các kiến thức đã học (lý thuyết) từ PIC. Các đoạn mã lập trình (code) trong các bài tập đều có những giải thích giúp người học hiểu rõ các lệnh. Ngoài ra, bạn đọc còn được hướng dẫn khai thác và sử dụng chương trình Proteus trong vẽ, mô phỏng vi xử lý và vi điều khiển, đây là công cụ không thể thiếu với những người học lập trình vi xử lý và vi điều khiển.  
Tập 4 là tài liệu hướng dẫn sử dụng VHDL trong thiết kế mạch số biên soạn dựa trên kit FPGA dùng chip Xilinx có các kết nối ngoại vi cơ bản giúp cho sinh viên hay người bắt đầu tiếp cận một cách dễ dàng, phần mềm EDA do Xilinx cung cấp, ngôn ngữ được sử dụng là VHDL. Các bài thực hành thiết kế vi mạch được trình bày trong giáo trình này đi từ cơ bản đến phức tạp, từ đơn giản đến nâng cao để người học dễ tiếp thu và dễ thực hành.
NỘI DUNG SÁCH LẬP TRÌNH VỚI VI ĐIỀU KHIỂN PIC (LÝ THUYẾT-THỰC HÀNH).
Lập trình với vi điều khiển PIC (Lý thuyết-Thực hành) là tập 1 trong bộ sách này. Giáo trình được biên soạn thành 10 chương, chủ yếu trình bày lý thuyết vi điều khiển PIC 16F887:
Chương 1. Đặc tính, cấu trúc, chức năng các port.
Chương 2. Tổ chức bộ nhớ, thanh ghi.
Chương 3. Lệnh hợp ngữ.
Chương 4. Ngôn ngữ lập trình C.
Chương 5. Giao tiếp LED, LCD, phím đơn, ma trận phím.
Chương 6. Timer - Counter.
Chương 7. Chuyển đổi tín hiệu tương tự sang số.
Chương 8. Ngắt.
Chương 9. Điều chế độ rộng xung - PWM.
Chương 10. Truyền dữ liệu UART.
Nội dung chương 1 chủ yếu giới thiệu đặc tính, cấu trúc và chức năng các port của vi điều khiển, người đọc cần phải biết đặc tính của vi điều khiển đang nghiên cứu. Để so sánh khả năng của các vi điều khiển khác nhau ta phải dựa vào đặc tính. Phần cấu trúc bên trong cho bạn biết được tổ chức, mối quan hệ giữa các khối với nhau, chức năng của từng khối. Bạn phải biết tên, ký hiệu đặt tên cho từng port, chức năng của từng port để giúp bạn sử dụng port kết nối đúng với các đối tượng điều khiển.
Nội dung chương 2 giới thiệu cấu trúc tổ chức các loại bộ nhớ tích hợp bên trong vi điều khiển bao gồm bộ nhớ chương trình, bộ nhớ dữ liệu RAM, bộ nhớ ngăn xếp, bộ nhớ Eeprom, các cách truy xuất bộ nhớ.
Nội dung chương 3 giới thiệu về tập lệnh hợp ngữ của vi điều khiển để viết các chương trình bằng hợp ngữ nhưng do lập trình bằng hợp ngữ rất khó và dài khi giải quyết các yêu cầu tính toán phức tạp nên phần này chỉ giới thiệu chứ không nghiên cứu sâu.
Nội dung chương 4 giới thiệu về ngôn ngữ lập trình C cho vi điều khiển PIC. Có nhiều trình biên dịch ngôn ngữ lập trình C cho vi điều khiển nhưng tài liệu này trình bày trình biên dịch CCS. Lập trình bằng ngôn ngữ C giúp các bạn viết chương trình dễ hơn  so với hợp ngữ, toàn bộ các chương trình trong tài liệu này đều viết bằng ngôn ngữ lập trình C. Để hiểu các chương trình trong giáo trình và viết các chương trình theo yêu cầu thì bạn cần phải nắm rõ tổ chức của một chương trình C, các kiểu dữ liệu, các toán tử, các thư viện viết sẵn và các lệnh C cơ bản.
Nội dung chương 5 khảo sát chi tiết chức năng các port, sơ đồ mạch của các port, sử dụng các port để xuất nhập tín hiệu điều khiển như led đơn, led 7 đoạn trực tiếp, led 7 đoạn quét, LCD, nút nhấn, bàn phím ma trận. Trong từng yêu cầu sẽ cho bạn biết cách kết nối phần cứng, nguyên lý hoạt động, viết lưu đồ hay trình tự điều khiển và chương trình mẫu, có giải thích từng lệnh hoặc cả chương trình.
Nội dung chương 6 khảo sát chi tiết chức năng của Timer-Counter      tích hợp trong vi điều khiển, cách sử dụng Timer-Counter để định thời và đếm sự kiện.
Nội dung chương 7 khảo sát chi tiết chức năng của bộ chuyển đổi tín hiệu tương tự thành tín hiệu số (ADC) tích hợp trong vi điều khiển, cách sử dụng ADC để chuyển đổi các tín hiệu tương tự như cảm biến nhiệt để thực hiện các ứng dụng đo nhiệt độ, cảnh báo quá nhiệt độ trong điều khiển và nhiều ứng dụng khác.
Nội dung chương 8 khảo sát chi tiết chức năng ngắt của vi điều khiển, biết được tính năng ưu việt của ngắt, cách sử dụng ngắt để đáp ứng tối ưu các yêu cầu điều khiển nhằm đáp ứng nhanh các sự kiện xảy ra.
Nội dung chương 9 khảo sát chi tiết chức năng điều chế độ rộng xung PWM của vi điều khiển, biết được nguyên lý hoạt động, tính toán các thông số của xung điều chế, biết lập trình sử dụng chức năng PWM để điều khiển thay đổi độ sáng của đèn, thay đổi tốc độ của động cơ DC và nhiều ứng dụng khác.
Nội dung chương 10 khảo sát chi tiết chức năng truyền dữ liệu nối tiếp UART của vi điều khiển, biết được trình tự thực hiện gởi dữ liệu và nhận   dữ liệu, thực hiện các yêu cầu truyền dữ liệu giữa vi điều khiển với máy tính và giữa các vi điều khiển với nhau. Ngoài các kiến thức cơ bản mà các tác giả đã trình bày, còn nhiều chức năng khác của vi điều khiển mà tác giả chưa trình bày thì các bạn có thể tham khảo thêm ở các tài liệu nhà chế tạo cung cấp.
Các file thực hành trong sách và ebook liên quan đến vi điều khiển PIC có thể tải về theo đường dẫn sau:
http://www.mediafire.com/folder/5255e9pd0fn4h/GIAO_TRINH_VI_ DIEU_KHIEN_PIC-LY_THUYET_THUC_HANH
http://www.mediafire.com/folder/trpra8f1k7397/GIAO_TRINH_VI_DIEU_KHIEN_PIC_LY_THUYET_THUC_HANH
http://www.mediafire.com/folder/twsmmsbkpi1m6/VI_DIEU_KHIEN_VA_UNG_DUNG-GIAO_TRINH_THUC_HANH_PIC
http://www.mediafire.com/folder/29rzal4z1cv13/VI_DIEU_KHIEN_VA_UNG_DUNG-GIAO_TRINH_THUC_HANH_PIC
https://drive.google.com/open?id=1zyPVTsYEnVYICkY3YL7KdFHbNft0C3pT
https://drive.google.com/file/d/13wCCQluIrVQzwmZOug5PoDR-afAcMwPg/view
http://www.mediafire.com/folder/f6z92qktnpgs2/EBOOK_PIC
http://www.mediafire.com/folder/5559daj11nx83/EBOOK_PIC
Trong quá trình biên soạn không thể tránh khỏi các sai sót nên rất mong các bạn đọc góp ý xây dựng. Nhóm tác giả xin cảm ơn các bạn bè đồng nghiệp đã đóng góp nhiều ý kiến, xin cảm ơn người thân trong gia đình cho phép nhóm tác giả có nhiều thời gian thực hiện việc biên soạn giáo trình này. 
" "
				    368				" "Sách tiếng Việt" "Khoa học kỹ thuật" "Tin học" "null" "149.400 đ" "166.000 đ"
https://www.fahasa.com/ic3-may-tinh-can-ban-an-ban-moi-2018-308030.html https://cdn0.fahasa.com/media/catalog/product/z/2/z2109856575201_a952627a58d3176ab10ce74d94c39367.jpg "

					IC3 - Máy Tính Căn Bản (Ấn Bản Mới 2018)				" "" "(0 đánh giá)" "null" "
				    IIG Viet Nam				" "
				    NXB Tổng Hợp TP Hồ Chí Minh				" "
				    2020				" "
				    27.9 x 21.6 x 1 cm				" "
				    Bìa Mềm				" "
IIG Việt Nam - Đại diện chính thức & duy nhất của tổ chức Khảo thí Certiport và Viện Khảo thí Giáo dục Hoa Kỳ ( ETS) tại Việt Nam chuyên cung cấp các bài thi:
- Tin học quốc tế: MOS (Microsoft Office Specialist), IC3 (Internet and Computing Core Certification), ACA (Adove Certified Associate) , MTA (Microsoft Techonology Associate).
- Tiếng Anh quốc tế: TOEIC Speaking & Writing, TOEIC Listening & Reading, TOEIC Bridge, TOEFL ITP, TOEFL iBT, TOEFL Junior, TOEFL Primary, SAT, GRE... tại Việt Nam. 
" "
				    147				" "Sách tiếng Việt" "Khoa học kỹ thuật" "Tin học" "null" "52.250 đ" "55.000 đ"
https://www.fahasa.com/chat-gpt-ky-nguyen-moi-cua-ai.html https://cdn0.fahasa.com/media/catalog/product/b/i/bia1gpt.jpg "

					Chat GPT - Kỷ Nguyên Mới Của AI				" "" "(0 đánh giá)" "
AZ Việt Nam " "
				    Trần Căn				" "
				    Văn Học				" "
				    2023				" "
				    20.5 x 14.5 x 1.3 cm				" "
				    Bìa Mềm				" "
Chat GPT - Kỷ Nguyên Mới Của AI
ĐÂY LÀ MỘT CUỐN SÁCH VỀ CHAT GPT - MỘT CÔNG CỤ GÂY SỐT VÌ ĐƯỢC ĐÁNH GIÁ CÓ KHẢ NĂNG THAY THẾ CON NGƯỜI
“Tôi mất chục triệu mỗi tháng vì bị Chat GPT cướp việc.”
Đó là một trong những cách Chat GPT trở thành chủ đề bàn tán và nhận được lưu lượng truy cập cao về những chủ đề xung quanh công cụ này.
“Các khách hàng không cần tôi nữa vì bây giờ AI đã đảm nhận được hầu hết các công việc: viết nội dung, sáng tạo ảnh, thiết kế, thu giọng, thậm chí là làm video ngắn.”
Không ngoa khi nói rằng Chat GPT đã mở ra một kỷ nguyên mới của AI.
Chat GPT (Chat Generative Pre-training Transformer) là công cụ hỏi đáp tự động được huấn luyện và phát triển bởi công ty công nghệ OpenAI. Nó có khả năng tạo ra các cuộc trò chuyện tự động hay trả lời các câu hỏi về đa dạng chủ đề khác nhau như sửa lỗi trong lập trình, sáng tạo làm thơ, soạn nhạc... Với một “kho kiến thức vô cùng phong phú, Chat GPT được xem là một mô hình ngôn ngữ tiên tiến nhất hiện nay.
Với cuốn sách “Chat GPT - Kỷ nguyên mới của AI”, người đọc sẽ được trải nghiệm quá trình hình thành của Chat GPT, từ khi bắt đầu khởi xướng bởi OpenAI, dần dần phát triển vượt trội trở thành “gã khổng lồ” với thành tích 1 triệu người dùng đăng ký chỉ sau 5 ngày ra mắt (điều mà Facebook phải mất 10 tháng mới có thể đạt được). Với sức ảnh hưởng đứng đầu hiện nay này, Chat GPT đã khiến những ông lớn như Microsoft, Apple, Google, Amazon... phải bắt tay. Thêm vào đó, Chat GPT cũng góp phần vào sự thay đổi, thậm chí là “cuộc cách mạng” đối với các ngành sản xuất nội dung, y tế, tài chính, giáo dục...
Cuốn sách còn giải đáp cho câu hỏi “Chat GPT có thay thế được con người không?” và giải thích sự đổi mới cần thiết để cân bằng mối quan hệ giữa con người và AI trong tương lai.
Một cuốn sách không thể bỏ lỡ cho những tín đồ công nghệ, những doanh nghiệp và cá nhân đang sử dụng Chat GPT để hỗ trợ cho công việc cũng như các chuyên gia, nghiên cứu sinh, sinh viên thuộc ngành Công nghệ thông tin và Trí tuệ nhân tạo. 
" "
				    264				" "Sách tiếng Việt" "Khoa học kỹ thuật" "Tin học" "null" "81.760 đ" "112.000 đ"
https://www.fahasa.com/tu-hoc-nhanh-windows-vista.html https://cdn0.fahasa.com/media/catalog/product/2/0/2020_05_26_11_34_15_1-390x510.jpg "

					Tự Học Nhanh Windows Vista				" "" "(0 đánh giá)" "
Đinh Tị " "
				    WaterPC				" "
				    NXB Văn Hoá Thông Tin				" "
				    09-2009				" "
				    20.5 x 13				" "
				    Bìa Mềm				" "
		    Tự Học Nhanh Windows Vista
Trong thời đại công nghệ thông tin bùng nổ như hiện nay, chiếc máy vi tính đã trở thành người bạn thân thiết với hầu hết mọi người, đặc biệt là giới trẻ - những người yêu thích công nghệ và tìm tòi, khám phá. 
Tự Học Nhanh Windows Vista ra đời với mục đích giới thiệu tới bạn đọc cách sử dụng những phiên bản mới nhất của các chương trình thường dùng, cách khắc phục những sự cố thường gặp và làm chủ những ứng dụng trên máy vi tính. Qua đó, bạn có thể nhanh chóng áp dụng một kiểu dáng mới vào các tài liệu của mình hay nhanh chóng xử lý các tài liệu sao cho thật phù hợp. 
Nằm trong bộ sách tin học, chắc chắn cuốn sách này sẽ đem đến cho bạn rất nhiều điều thú vị và bổ ích!		    
" "
				    -1				" "Sách tiếng Việt" "Khoa học kỹ thuật" "Tin học" "null" "32.400 đ" "36.000 đ"
https://www.fahasa.com/ic3-gs5-may-tinh-can-ban-moi.html https://cdn0.fahasa.com/media/catalog/product/i/m/image_195509_1_56278.jpg "

					IC3 GS5 - Máy Tính Căn Bản (Mới)				" "" "(0 đánh giá)" "null" "
				    IIG Viet Nam				" "
				    NXB Tổng Hợp TPHCM				" "
				    2020				" "
				    27.5 x 20.5 x 1.2 cm				" "
				    Bìa Mềm				" "
IC3 GS5 cũng bao gồm 3 phần: 
Phần 1: Máy Tính Cơ Bản
Phần 2: Các Ứng Dụng Chính
Phần 3: Cuộc Sống Trực Tuyến 
" "null" "Sách tiếng Việt" "Khoa học kỹ thuật" "Tin học" "null" "65.000 đ" "0"
https://www.fahasa.com/autocad-danh-cho-nguoi-bat-dau.html https://cdn0.fahasa.com/media/catalog/product/9/7/9786043879094.jpg "

					AutoCAD Dành Cho Người Bắt Đầu				" "" "(0 đánh giá)" "
				    Cty Thương mại STK				" "
				    TS. Lê Doãn Trinh,  KS.Phạm Quang Huy				" "
				    Thanh Niên				" "
				    2023				" "
				    24 x 16 x 1.8 cm				" "
				    Bìa Mềm				" "
AutoCAD Dành Cho Người Bắt Đầu
Bạn đang cầm trên tay cuốn sách AutoCAD Cơ bản cho người mới bắt đầu. Cuốn sách này dành cho những người thuộc ngành kỹ thuật nói chung và chuyên ngành xây dựng nói riêng. Quyển sách phù hợp với những người có nhu cầu nắm vững AutoCAD một cách có hệ thống, đi từ điểm khởi đầu.
Với vai trò là Admin diễn đàn CADViet.com - nơi hội tụ của người sử dụng AutoCAD ở Việt Nam, tác giả đã quan sát thấy rất nhiều người học AutoCAD sai phương pháp ngay từ bước đầu tiên, khiến họ tốn nhiều công sức mà hiệu quả lại không cao. Bên cạnh đó, do thiếu phương pháp đúng đắn nên họ mất thời gian vào việc học những lệnh mà thực tế không dùng đến, họ vô tình hình thành các thói quen sử dụng AutoCAD không tốt rất khó sửa.
AutoCAD cũng như các phần mềm khác, 80% tình huống trong thực tế được giải quyết chỉ bởi 20% các tính năng. Vì vậy, với người mới bắt đầu, điểm mấu chốt là biết được 20% tính năng đó là những lệnh nào. Quyển sách này sẽ chỉ ra cho bạn 20% đó, giúp bạn học AutoCAD nhanh chóng và bản chất. So với các quyển sách khác, bạn sẽ thấy số lệnh của quyển sách này ít hơn nhiều và thứ tự sắp xếp các lệnh khác lạ, đó là chủ ý lựa chọn và sắp xếp các lệnh để giới thiệu đến các bạn theo mạch logic của quá trình học. 
" "
				    439				" "Sách tiếng Việt" "Khoa học kỹ thuật" "Tin học" "null" "175.500 đ" "195.000 đ"
https://www.fahasa.com/con-gai-hoc-cach-lap-trinh-khong-kho-khi-co-bi-quyet-trong-tay.html https://cdn0.fahasa.com/media/catalog/product/n/x/nxbtre_full_08532023_045341.jpg "

					Con Gái Học Cách Lập Trình - Không Khó Khi Có Bí Quyết Trong Tay!				" "" "(0 đánh giá)" "
NXB Trẻ " "
				    Reshma Saujani				" "
				    Trẻ				" "
				    2023				" "
				    20 x 14 x 1 cm				" "
				    Bìa Mềm				" "
Con Gái Học Cách Lập Trình - Không Khó Khi Có Bí Quyết Trong Tay!
Hóa ra, bạn có thể học giỏi lập trình!
Bạn có thể làm nên những điều đáng kinh ngạc!
Và chắc chắn bạn sẽ rất vui khi làm điều đó!
Đặc biệt hơn, hóa ra, người tiên phong trong lĩnh vực khoa học máy tính là một phụ nữ. Đúng vậy, nhiều phụ nữ đã và đang có những đóng góp quan trọng trong ngành công nghệ thông tin, một ngành mà người ta thường nghĩ chỉ dành cho nam giới. 
Điều quan trọng là bạn cần nắm được các bí quyết! 
Bởi thế, trong cuốn sách này, bạn sẽ vừa được biết tất cả các nguyên tắc mã hóa, vừa được nghe những bí quyết từ nhiều người phụ nữ làm công việc lập trình tại Pixar hay NASA. Bạn sẽ càng có thêm động lực để học lập trình khi đọc về các sáng tạo của những bạn trẻ trong chương trình Hội Con Gái Lập Trình: từ trò chơi giúp mọi người nhận thấy vẻ đẹp của mình tới hệ thống ánh sáng nhấp nháy theo nhịp điệu âm nhạc. 
Lập trình không khó khi có bí quyết trong tay, bạn nhỉ! 
" "
				    208				" "Sách tiếng Việt" "Khoa học kỹ thuật" "Tin học" "null" "81.000 đ" "90.000 đ"
https://www.fahasa.com/tu-hoc-nhanh-word-2007.html https://cdn0.fahasa.com/media/catalog/product/8/9/8935230005773.jpg "

					Tự Học Nhanh Word 2007				" "" "(0 đánh giá)" "
Cty Văn Hóa & Truyền Thông Trí Việt. " "
				    Hà Thành, Trí Việt				" "
				    NXB Hồng Đức				" "
				    2015				" "
				    20.5 x 14.5 x 0.5 cm				" "
				    Bìa Mềm				" "
Tự Học Nhanh Word 2007Trong một vài năm gần đây, xu thế phát triển những phần mềm mã nguồn mở ngày càng nhiều, nhất là các ứng dụng trong bộ phần mềm văn phòng như soạn thảo văn bản, bảng tính hay ứng dụng trình chiếu. Tuy nhiên, Microsoft  Office vẫn chiếm được sự tin tưởng của người sử dụng, bằng việc cho ra đời phiên bản Office 2007 với giao diện đẹp, thiết kế khoa học.
Nội dung cuốn sách hướng dẫn những thủ thuật cơ bản liên quan đến Word 2007:
Hướng dẫn học nhanh cách cài đặt và tìm hiểu giao diện Word 2007
Tự học nhanh cách soạn thảo văn bản trong Word 2007
Học nhanh cách chỉnh sửa văn bản trên Word 2007
Học nhanh cách vẽ hình, biểu đồ, biểu thức trong Word 2007 
" "
				    234				" "Sách tiếng Việt" "Khoa học kỹ thuật" "Tin học" "null" "39.600 đ" "44.000 đ"
https://www.fahasa.com/ic3-gs5-doi-song-truc-tuyen-moi.html https://cdn0.fahasa.com/media/catalog/product/i/m/image_195509_1_56280.jpg "

					IC3 GS5 - Đời Sống Trực Tuyến (Mới)				" "" "(0 đánh giá)" "null" "
				    IIG Viet Nam				" "
				    NXB Tổng Hợp TPHCM				" "
				    2020				" "
				    27.5 x 20.5 x 1 cm				" "
				    Bìa Mềm				" "
IC3 GS5 cũng bao gồm 3 phần: 
Phần 1: Máy Tính Cơ Bản
Phần 2: Các Ứng Dụng Chính
Phần 3: Cuộc Sống Trực Tuyến 
" "null" "Sách tiếng Việt" "Khoa học kỹ thuật" "Tin học" "null" "57.000 đ" "60.000 đ"
https://www.fahasa.com/giao-dien-nguoi-va-may-voi-s7-intouch.html https://cdn0.fahasa.com/media/catalog/product/1/1/1114060117413.jpg "

					Giao Diện Người Và Máy Với S7 & Intouch				" "" "(0 đánh giá)" "null" "
				    Nhiều Tác Giả				" "
				    NXB Bách Khoa Hà Nội				" "
				    03-2013				" "
				    24 x 16				" "
				    Bìa Mềm				" "
Giao Diện Người Và Máy Với S7 & Intouch
Sách Giao Diện Người Và Máy Với S7 & Intouch hướng dẫn điều khiển lập trình và tạo giao diện người và máy (HMI) với S7 và Intouch phần mềm HMI trực quan cho phép tùy biến các biểu tượng đồ họa và đối tượng. Hoạt động quản lý chạy trong thời gian thực làm giảm đáng kể chi phí liên quan đến thiết kế, xây dựng, triển khai và duy trì các ứng dụng an toàn theo tiêu chuẩn cho các hoạt động sản xuất và xây dựng cơ sở hạ tầng.
Intouch cho phép kiểm soát toàn doanh nghiệp và thu thập dữ liệu chuẩn để điều khiển và giám sát. Hơn một phần ba cơ sở công nghiệp trên thế giới đã sử dụng Intouch giúp nhà máy đạt hiệu quả cao trong kinh doanh qua việc sản xuất có hiệu suất tối đa, hạ thấp chi phí sản xuất cùng các rủi ro khác.
Nội dung Giao Diện Người Và Máy Với S7 & Intouch gồm 10 chương:
Chương 1 và 2: Giới thiệu chương trình Intouch 10 của Wonderware, cách cài đặt Intouch cũng như cách tải các dữ liệu liên quan đến Intouch và Wonderware (ebook, chương trình, phim học) trên mạng với utorrent.
Chương 3: Hướng dẫn sử dụng các công cụ, lệnh cơ bản trong Intouch qua 3 phân hệ cơ bản của chương trình gồm: Intouch Application Manager, WindowMaker và WindowViewer.
Chương 4 và 5: Lập trình điều khiển với S7-200 qua 2 bài tập thực hành “Điều khiển băng chuyền” và “Điều khiển máy phay”.
Chương 6: Lập trình điều khiển với S7-300 qua bài tập thực hành “Khởi động và đảo chiều động cơ”. Chương 7 và 8: Hướng dẫn lập trình điều khiển và giám sát với S7-300 và WinCC cho 2 dây chuyền “Sản xuất bia tươi” và “Sản xuất xi măng”. Một khi đã thực hành xong 2 bài tập này, các bạn có nhiều ý tưởng để chuẩn bị thực hành tạo giao diện người và máy-HMI với Intouch của Wonderware, sau khi đã thực hành 2 chương cuối cùng 9 và 10 “Điều khiển và giám sát bồn trộn” với S7 và Intouch có thực hiện “Cảnh báo tạo sự kiện”.
 
" "
				    302				" "Sách tiếng Việt" "Khoa học kỹ thuật" "Tin học" "null" "66.600 đ" "74.000 đ"
https://www.fahasa.com/em-hoc-python-tap-2-sach-huong-dan-vui-hoc-lap-trinh.html https://cdn0.fahasa.com/media/catalog/product/9/7/9786043796032.jpg "

					Em Học Python - Sách Hướng Dẫn Vui Học Lập Trình - Tập 2				" "" "(0 đánh giá)" "
				    Cty Giáo Dục Sputnik				" "
				    Jason R. Briggs (Phan Chương dịch)				" "
				    Đại Học Quốc Gia Hà Nội				" "
				    2022				" "
				    24 x 17 x 0.9 cm				" "
				    Bìa Mềm				" "
Em Học Python - Sách Hướng Dẫn Vui Học Lập Trình - Tập 2
Python là ngôn ngữ lập trình mạnh, dễ viết, dễ hiểu, dễ học và rất vui nhưng sách dạy Python thường toàn chữ là chữ, nhìn là nản khiến nhiều độc giả - đặc biệt là các em nhỏ - không còn hứng thú mày mò nữa 
Cuối mỗi chương đều có các bài tập đơn giản được thiết kế để các em động não và củng cố lại kiến thức. 
" "
				    142				" "Sách tiếng Việt" "Khoa học kỹ thuật" "Tin học" "null" "126.000 đ" "140.000 đ"
https://www.fahasa.com/joomla-danh-cho-nguoi-tu-hoc.html https://cdn0.fahasa.com/media/catalog/product/i/m/image_230179.jpg "

					Joomla Dành Cho Người Tự Học				" "" "(0 đánh giá)" "null" "
				    Trần Tường Thụy, Phạm Quang Hiển				" "
				    NXB Thông Tin & Truyền Thông				" "
				    07-2013				" "
				    24 x 16				" "
				    Bìa Mềm				" "
Joomla Dành Cho Người Tự Học
Joomla-hệ quản trị nội dung mã nguồn mở được viết bằng ngôn ngữ PHP cho phép kết nối tới cơ sở dữ liệu MySQL, người sử dụng có thể dễ dàng xuất các nội dung thiết kế lên Internet. Do có kết nối đến cơ sở dữ liệu MySQL cho nên việc quản trị một website với Joomla trở nên dễ dàng. Joomla có các đặc tính cơ bản như: bộ đệm trang (page caching) để tăng tốc độ hiển thị, lập chỉ mục, đọc tin RSS (RSS feeds), trang dùng để in, bản tin nhanh, blog, diễn đàn, bình chọn, lịch biểu, tìm kiếm trong website và hỗ trợ đa ngôn ngữ.
Với đặc tính dễ sử dụng của Joomla, cho dù bạn là một người lập trình web chuyên nghiệp, một người quản trị website hay đơn giản chỉ là một người mới làm quen với thiết kế web cũng có thể sử dụng Joomla để tạo một website cho mình. Vì vậy, Joomla được sử dụng ở nhiều nơi trên thế giới, từ những website cá nhân cho tới những hệ thống website doanh nghiệp có độ phức tạp cao, cung cấp nhiều dịch vụ và ứng dụng.
Joomla dễ cài đặt, có thể quản lý website với độ tin cậy cao. Một điểm hết sức nổi bật của Joomla là chương trình sử dụng mã nguồn mở, việc sử dụng Joomla hoàn toàn miễn phí cho tất cả mọi người. Ngoài ra, cộng đồng người dùng có thể cùng nhau xây dựng và phát triển hệ thống này để cho Joomla ngày càng hoàn thiện hơn.
Nội dung sách bao gồm các chương
Chương 1: Hướng dẫn cài đặt: Cũng như các tài liệu hướng dẫn sử dụng phần mềm khác, trước khi thực hành với Joomla chúng ta cần tiến hành cài đặt chương trình vào máy.
Chương 2: Tổng quan về administrator: Phần quản trị là trung tâm điều khiển của website Joomla. Phần này giúp các bạn biết cách sử dụng giao diện đơn giản, thân thiện của AdminSection để xây dựng cấu trúc và biên tập, xuất nội dung.
Chương 3: Tìm hiểu cơ bản joomla: Giới thiệu tổng quan Joomla một hệ thống quản trị nội dung [Content Management System (CMS)] giúp bạn xây dựng một website hoặc các ứng dụng online. J
Chương 4: Bài tập thực hành: Đây là phần trọng tâm của sách, bao gồm 24 bài tập với các hướng dẫn từng bước giúp bạn làm quen với Joomla như: tạo bài viết đưa vào menu, đăng bài viết vào danh mục chỉ định, quản lý các bài viết nổi bật, sử dụng module...
 
" "
				    311				" "Sách tiếng Việt" "Khoa học kỹ thuật" "Tin học" "null" "67.500 đ" "75.000 đ"
https://www.fahasa.com/tu-hoc-nhanh-microsoft-office-visio.html https://cdn0.fahasa.com/media/catalog/product/i/m/image_235514.jpg "

					Tự Học Nhanh Microsoft Office - Visio (Dùng Cho Các Phiên Bản 2021-2020-2019-2016)				" "" "(0 đánh giá)" "null" "
				    Phạm Quang Hiển, Vãn Thị Tư				" "
				    NXB Thanh Niên				" "
				    2021				" "
				    24 x 16 x 1.7 cm				" "
				    Bìa Mềm				" "
Từ khi có máy tính, con người không ngừng nghiên cứu, lập trình chế tạo ra nhiều phần mềm khác nhau nhằm phục vụ cho chúng ta trong nhiều lĩnh vực. Trong thiết kế vẽ kỹ thuật, AutoCAD được sử dụng rộng cho tất cả các ngành nghề  như: Cơ khí, điện, xây dựng, kiến trúc… Về đồ họa vector ta có CorelDraw, Illustrator… Nhưng việc sử dụng các chương trình này không dễ dàng đối với người mới sử dụng. Trong cuốn sách này, tủ sách STK sẽ giới thiệu với bạn đọc VISIO, một chương trình vẽ có thể dùng chung cho nhiều ngành nghề. Tuy không có nhiều công cụ mạnh như các chương trình vẽ vector AutoCAD,  CorelDraw, Illustrator, nhưng Visio có ưu điểm là có nhiều các thư viện hình ảnh và các ký hiệu mẫu mà chương trình đã tạo sẵn. Các hình ảnh và các ký hiệu này phân ra từng thư mục tương ứng cho từng ngành nghề riêng biệt. Với Visio, có thể chọn lấy các hình ảnh muốn vẽ có ngay trong thư viện mà chương trình đã tạo sẵn. Bạn chỉ cần nhấp chọn hình ấy và kéo vào vị trí sơ đồ cần vẽ thế là xong. Người sử dụng có thể dùng các công cụ vẽ của  chương trình để vẽ nên các khối hình mà trong thư viện không có, sau đó bạn có thể lưu hình ảnh này vào trong mục thư viện của chương trình, làm tăng thêm hình chứa trong của thư viện. Trong lần vẽ khác, nếu gặp lại hình ảnh đó thì bạn chỉ việc lấy hình ảnh từ thư viện đã lưu trước đó mà không cần vẽ lại, đỡ phải mất nhiều thời gian.
Một ưu điểm khác của Visio là có giao diện làm việc và các lệnh rất giống với Word, Excel… vì Visio cũng do Microsoft sản xuất nằm trong bộ Microsoft Office Full nên người học sẽ dễ học và học rất nhanh, tiết kiệm được thời gian.  Microsoft Visio là một công cụ lập sơ đồ cho phép bạn tạo các sơ đồ (từ đơn giản đến phức tạp), hỗ trợ trực quan hóa dữ liệu và mô hình hóa quy trình trong một giao diện quen thuộ Visio đi kèm với một loạt các mẫu và hình dạng tích hợp, cho phép tạo hầu như mọi sơ đồ có độ phức tạp bất kỳ. Visio cũng cho phép người dùng xác định hình dạng của riêng họ và nhập chúng vào bản vẽ. Visio cũng giúp tạo biểu đồ tổ chức chi tiết, tạo ra các sơ đồ có độ phức tạp khác nhau - từ sơ đồ mạng đến sơ đồ tầng, sơ đồ trụ, thậm chí cả biểu đồ tổ chức và tiến trình. Visio cũng đang thu hút người dùng gia đình, kinh doanh để lập kế hoạch bố trí nhà, tạo các biểu đồ sản xuất, kinh doanh và nhiều thứ khác nữa rất khó thực hiện trong Word. Visio đã trở thành một phần mềm cấp doanh nghiệp so với người dùng gia đình vì hiếm khi cần sử dụng các chức năng sơ đồ nâng cao trong Visio. Tuy nhiên, nhiều người dùng gia đình đang dùng phiên bản Professional của Visio để khai thác nhiều hơn các sơ đồ phức tạp. Visio đã có nhiều  thành công trong doanh nghiệp do tích hợp chặt chẽ với các sản phẩm Microsoft Office khác như Word, Powerpoint, Excel và Access. Dữ liệu có thể được nhập trực tiếp từ các phần mềm này và chuyển đổi thành các sơ đồ có ý nghĩa, thay đổi theo thời gian thực phù hợp với dữ liệu. Ví dụ, một bảng tính Excel có thể có thông tin về dòng điện chạy qua một đường dây điện. Visio có thể được sử dụng để biểu diễn điều này theo sơ đồ và bất cứ khi nào dữ liệu Excel được cập nhật, điều tương tự cũng sẽ được phản ánh trong sơ đồ Visio. Bạn sẽ cảm thấy thoải mái khi điều hướng theo cách của mình trên Hệ điều hành Windows (Windows 7 trở lên). Cần lưu ý:  Visio không khả dụng cho máy Mac. Visio Pro có thể được bao gồm như một phần của bộ Office 365 hoặc mua độc lập trong các phiên bản Tiêu chuẩn (Standard) và Chuyên nghiệp (Professional).
Người dùng cần có tài khoản Microsoft để sử dụng một số tính năng trực tuyến của Visio. Khi đăng ký Office 365, doanh nghiệp cũng có thể sử dụng Visio Online, là một trình xem trực tuyến cho các file Visio được lưu trữ trong OneDrive for Business hoặc SharePoint Online. Visio Online cho phép bạn xem, chia sẻ và cộng tác với các sơ đồ Visio được tạo trong Visio 2013, 2016 hoặc 2019. Các phiên bản Visio mới hơn từ Visio 2013 trở đi hỗ trợ định dạng cho phép nén nâng cao và nhiều tính năng khác so với định dạng cũ hơn được hỗ trợ bởi Visio 2010 và các phiên bản trước đó. Với Visio phiên bản 2016 sẽ được ứng dụng và hỗ trợ cho nhiều ngành liên quan về vẽ và thiết kế mẫu như: Điện-Điện Tử, Cơ Khí- Xây Dựng, Kiến Trúc… Việc sử dụng các hình dạng dựa trên đồ họa vector thay vì các hình dạng raster. Các hình dạng hoặc đồ họa bitmap không chia tỷ lệ tốt, và độ phân giải và chất lượng của chúng giảm đi sau mỗi lần chỉnh sửa. Các hình dạng vectơ là biểu diễn toán học của một hình dạng, do đó tỷ lệ tốt và khi phóng to hình sẽ không bị vỡ như hình bitmap. 
Hình dạng vectơ không bị ảnh hưởng bởi các chỉnh sửa và là hình dạng thích hợp nhất để sử dụng khi yêu cầu các phép đo chính xác. Nội dung được trình bày trong cuốn sách này, chủ yếu là vẽ thiết kế các sơ đồ về điện, các ký hiệu điện, các dạng sơ đồ mặt bằng trong ngành xây dựng. Các sơ đồ, lưu đồ trong sản xuất kinh doanh. Không như sách Visio dành cho người tự học, do tủ sách STK biên soạn 10 năm trước đây được biên soạn dưới dạng các bài tập thực hành nên rất dễ học nhưng nhiều công cụ và lệnh chưa được giải thích nên ảnh hưởng nhiều đến việc khai thác toàn diện Visio. Sách Tự học nhanh Microsoft Office-Visio sẽ khó hơn do đưa thêm nhiều lý thuyết, nhưng vẫn đảm bảo tính trực quan thông qua các hình ảnh minh họa được cắt trực tiếp từ màn hình máy tính nên người học rất dễ dàng và nhanh chóng tiếp thu những ứng dụng. Trong thời gian ngắn người học vẫn có thể tự học và sử dụng các phần cơ bản nhất của chương trình. Điểm chung được trình bày ở các bài tập thực hành này là: Các thao tác lệnh, được trình bày lặp đi lặp lại, nhằm mục đích giúp người học nhớ luôn lệnh đã thực hành mà không cần xem lại. 
" "
				    439				" "Sách tiếng Việt" "Khoa học kỹ thuật" "Tin học" "null" "153.000 đ" "170.000 đ"
https://www.fahasa.com/ung-dung-tin-hoc-trien-khai-hieu-qua-chuong-trinh-cdio-va-heeap-tap-2.html https://cdn0.fahasa.com/media/catalog/product/2/0/2020_06_09_16_15_22_1-390x510.jpg "

					Ứng Dụng Tin Học Triển Khai Hiệu Quả Chương Trình CDIO Và HEEAP (Tập 2)				" "" "(0 đánh giá)" "null" "
				    Phan Long, Phạm Quang Huy				" "
				    NXB Từ Điển Bách Khoa				" "
				    12-2014				" "
				    24 x 16				" "
				    Bìa Mềm				" "
Ứng Dụng Tin Học Triển Khai Hiệu Quả Chương Trình CDIO Và HEEAP (Tập 2)
Nội dung sách gồm 2 phần:
Phần 1: Gồm 15 chương (từ chương 1 đến chương 2) hướng dẫn người dùng tự mình xây dựng từ A - Z một hệ thống quản lý khoa học trực tuyến cơ bản. Giáo viên biết các chuẩn của E-Learning và cách đóng gói bài giảng trong Moodle lên host.
Phần 2: Gồm 6 chương (từ chương 16 đến 21) giới thiệu 4 công cụ rất hữu ích, hỗ trợ giáo viên soạn bài giảng trình diễn trên máy tính mà với chương trình quen thuộc như Powerpoint còn bị hạn chế nhiều về phương diện kỹ thuật. Các giáo viên còn được giới thiệu các bước để tạo một trang moodle hoàn chỉnh và biết cách liên kết Moodle với các chương trình khác.
 
" "
				    302				" "Sách tiếng Việt" "Khoa học kỹ thuật" "Tin học" "null" "66.600 đ" "74.000 đ"
https://www.fahasa.com/giao-trinh-dien-tu-linh-kien-dien-tu-transistor.html https://cdn0.fahasa.com/media/catalog/product/i/m/image_236049.jpg "

					Giáo Trình Điện Tử - Linh Kiện Điện Tử Transistor				" "" "(0 đánh giá)" "null" "
				    Nguyễn Văn Phước, Phạm Quang Huy				" "
				    NXB Thanh Niên				" "
				    2021				" "
				    24 x 16 x 2 cm				" "
				    Bìa Mềm				" "
Điện tử là môn học cơ bản trong các Khoa Điện – Điện tử, Cơ điện tử … của nhiều trường. Cuốn “Giáo Trình Điện Tử Linh Kiện Điện Tử Trasistor ” được biên soạn dựa trên cơ sở chương trình môn học Điện tử, dùng trong các trường Cao đẳng, Đại học khối công nghệ. Nó cung cấp cho sinh viên những kiến thức và kỹ năng cơ bản nhất của môn học và còn nhiều hơn thế nữa.
Sách trình bày nội dung một cách ngắn gọn, cơ bản và dễ hiểu. Trong sách, các tác giả không đi quá sâu vào kiến thức chuyên ngành cũng như không phân tích quá chi tiết transistor ở góc độ vật lý bán dẫn, sinh viên được giới thiệu lý thuyết vừa đủ và thông qua việc tính toán, thiết kế, giải các bài tập để củng cố kiến thức đã học ở phần lý thuyết. Tất cả kiến thức toán học phù hợp với yêu cầu của môn học. Ở mỗi chương có ví dụ minh họa, câu hỏi và bài tập để sinh viên có thể luyện tập, hiểu sâu hơn những vấn đề mình đã học. Trong quá trình học, sinh viên có thể trao đổi thêm với giảng viên về cách giải các bài tập khó hay được giải đáp các câu hỏi có liên quan đến môn học.
Với cách trình bày minh họa dùng nhiều hình ảnh đồ họa, các tác giả hy vọng các sinh viên sẽ nhanh chóng khai thác các thiết bị, linh kiện điện tử trong học thực hành. Giáo trình có thể dùng làm tài liệu tham khảo cho sinh viên các trường Đại học, Cao đẳng có các ngành liên quan đến lĩnh vực này. Phần transistor trường (FET-Mosfet) và IGBT cùng các ứng dụng sẽ được trình bày trong tập tiếp theo: Giáo trình điện tử FET, MOSFET, IGBT và ứng dụng. Dù sách đã được hoàn thành về cơ bản, chắc chắn vẫn còn những sơ xuất ngoài ý muốn chưa được phát hiện, các tác giả rất mong nhận được ý kiến đóng góp của đồng nghiệp và sinh viên để giáo trình đáp ứng được nhu cầu của người học và người dạy trong thời đại công nghệ 4.0 góp phần đổi mới việc dạy và học. 
" "
				    455				" "Sách tiếng Việt" "Khoa học kỹ thuật" "Tin học" "null" "173.700 đ" "193.000 đ"
https://www.fahasa.com/nhung-thach-thuc-cho-moi-truong-mang-tai-viet-nam.html https://cdn0.fahasa.com/media/catalog/product/8/9/8935217115945.jpg "

					Những Thách Thức Cho Môi Trường Mạng Tại Việt Nam				" "" "(0 đánh giá)" "null" "
				    Dmitry Nikhaylov				" "
				    Thông Tin và Truyền Thông				" "
				    2023				" "
				    24 x 17 x 1.1 cm				" "
				    Bìa Mềm				" "
Những Thách Thức Cho Môi Trường Mạng Tại Việt Nam
Thế giới bước vào cuộc Cách mạng công nghiệp lần thứ tư với sự phát triển mạnh mẽ của không gian mạng đã mang lại những lợi ích to lớn trên nhiều lĩnh vực của đời sống xã hội, làm thay đổi diện mạo mới của nhiều quốc gia, đem lại những thành tựu vượt bậc cho nhân loại. Thật khó để tưởng tượng ra thế giới sẽ vận hành ra sao nếu thiếu đi máy tính. Hầu hết các dịch vụ, hoạt động trong thế giới của chúng ta hiện nay phụ thuộc khá nhiều vào máy tính và công nghệ thông tin để vận hành.
Tuy nhiên, khi càng nhiều thứ được điều khiển bởi máy tính, thì những người có chuyên môn và khả năng điều khiển hoạt động của các hệ thống máy tính sẽ có được nhiều quyền lực mạnh mẽ hơn. Một khi chiếm được quyền điều khiển hệ thống, đặc biệt là những hệ thống rất quan trọng như nhà máy điện hạt nhân, hệ thống dữ liệu quốc gia, ngân hàng thì người điều khiển nó sẽ thu được vô vàn lợi ích và tiền bạc. Chính vì vậy, tham vọng cố gắng chiếm lấy máy tính và hệ thống một cách bất hợp pháp đang là động lực vô cùng mạnh mẽ của tin tặc. Khi công nghệ máy tính phát triển, các phương pháp và cơ hội của tin tặc cũng phát triển theo. Với nguồn lực ngày càng lớn, tin tặc có thể bắt đầu một cuộc tấn công mạnh gây ảnh hưởng nghiêm trọng đến các ngành công nghiệp, các cơ sở quan trọng hoặc thậm chí là cả một quốc gia.
Với tính toàn cầu và khả năng kết nối vô hạn của không gian mạng không bị giới hạn bởi không gian, thời gian và bản chất xã hội của không gian mạng cũng đặt ra nhiều thách thức rất lớn đối với an ninh của các quốc gia trên thế giới như: chiến tranh mạng, chiến tranh thông tin, không bố mạng, ... vấn đề phát triển và làm chủ không gian mạng đã trở thành một trong những nhiệm vụ cấp bách được nhiều quốc gia đặc biệt quan tâm.
Với mong muốn cung cấp cho bạn đọc những kiến thức cập nhật về các nguy cơ mới hiện hữu trong an ninh, an toàn mạng một cách đơn giản dễ hiểu, ngắn gọn và cảnh tỉnh nhất, cuốn sách này đã ra đời. Khác với các cuốn sách khác về chủ đề này - thường nhắm đến đối tượng là những chuyên gia hoặc những kỹ thuật viên vận hành, bảo vệ trực tiếp hệ thống, cuốn sách này sẽ được thiết kế đặc biệt để dành cho các nhà quản lý ở các cấp khác nhau: người đứng đầu các cơ quan Bộ, ban ngành, tỉnh, thành phố; lãnh đạo của các công ty, doanh nghiệp, tổ chức. 
" "
				    232				" "Sách tiếng Việt" "Khoa học kỹ thuật" "Tin học" "null" "175.500 đ" "195.000 đ"
https://www.fahasa.com/bai-tap-mach-dien-tinh-toan-mo-phong-mach-dien-dung-phan-mem-tina.html https://cdn0.fahasa.com/media/catalog/product/9/7/9786046484332.jpg "

					Bài Tập Mạch Điện - Tính Toán, Mô Phỏng Mạch Điện Dùng Phần Mềm Tina				" "" "(0 đánh giá)" "null" "
				    Ts. Lê Mỹ Hà				" "
				    NXB Thanh Niên				" "
				    2017				" "
				    24 x 16 cm				" "
				    Bìa Mềm				" "
Bài Tập Mạch Điện - Tính Toán, Mô Phỏng Mạch Điện Dùng Phần Mềm Tina
Cuốn Bài Tập Mạch Điện - Tính Toán, Mô Phỏng Mạch Điện Dùng Phần Mềm Tina hướng dẫn cụ thể và thực tế (hướng dẫn từng bước) để bạn đọc ứng dụng khai thác các tính năng của Tina trong giải các bài tập mạch điện rất nhanh.
Một tài liệu biên soạn thực hành rất thực dụng giúp học môn mạch điện nhanh chóng và dễ dàng. Sách giúp người học kiểm tra, củng cố các kiến thức lý thuyết cho môn học Mạch điện đồng thời nắm vững và khám phá các đặc tính mới của chương trình Tina và ứng dụng chúng vào công việc thực tế của mình một cách hiệu quả nhất.
Sách phục vụ cho những người tự học môn Mạch điện, tính toán kiểm tra kết quả qua việc mô phỏng trên máy tính. Tài liệu biên soạn trên phiên bản Tina chủ yếu là 8.0, nếu máy tính các bạn dùng các phiên bản cũ (7.0) hay mới hơn (10) vẫn có thể thực hành các bài tập trong sách do giao diện làm việc của các phiên bản này gần giống nhau.

" "
				    352				" "Sách tiếng Việt" "Khoa học kỹ thuật" "Tin học" "null" "90.000 đ" "100.000 đ"
https://www.fahasa.com/stem-voi-arduino-arduino-danh-cho-nguoi-tu-hoc.html https://cdn0.fahasa.com/media/catalog/product/i/m/image_237269.jpg "

					Stem Với Arduino - Arduino Dành Cho Người Tự Học				" "" "(0 đánh giá)" "null" "
				    KS Phạm Quang Huy				" "
				    NXB Thanh Niên				" "
				    2020				" "
				    24 x 16 x 2 cm				" "
				    Bìa Mềm				" "
Cuốn sách này được soạn nhằm giúp người mới bắt đầu làm quen với vi xử lý, vi điều khiển, các học sinh cấp 3 tại các trường triển khai giáo dục STEM, những kỹ sư ra trường đã lâu không có điều kiện cũng như thời gian để hiểu những lệnh rối rắm, phức tạp của các họ vi xử lý, vi điều khiển thì nay có thể áp dụng các kiến thức trong sách để tự học, lập trình điều khiển nhiều mạch điện tử ứng dụng trong công nghiệp cũng như dân dụng. Nhiều lợi ích mà họ có thể nhận được từ việc học cách sử dụng lập trình điều khiển trên nền tảng
Arduino qua việc áp dụng triết lý của những người sáng lập ra nó. 
" "
				    454				" "Sách tiếng Việt" "Khoa học kỹ thuật" "Tin học" "null" "153.000 đ" "170.000 đ"
https://www.fahasa.com/dieu-khien-lap-trinh-va-tao-giao-dien-hmi-voi-wincc-plexible.html https://cdn0.fahasa.com/media/catalog/product/i/m/image_195509_1_27841.jpg "

					Điều Khiển Lập Trình Và Tạo Giao Diện HMI Với WINCC FLEXIBLE				" "" "(0 đánh giá)" "null" "
				    TS Lê Ngọc Bích, KS Phạm Quang Huy				" "
				    NXB Thanh Niên				" "
				    2018				" "
				    16 x 24 cm				" "
				    Bìa Mềm				" "
Điều Khiển Lập Trình Và Tạo Giao Diện HMI Với WINCC FLEXIBLE
Nội dung:

Chương 1: Tổng quan về Wincc Flexible
Chương 2: Điều khiển nhiệt độ lò nung
Chương 3: Điều khiển và giám sát hệ 3 động cơ
Chương 4: Điều khiển hệ thống khoan tự động
Chương 5: Điều khiển hệ thống trộn bê tông
 
" "
				    358				" "Sách tiếng Việt" "Khoa học kỹ thuật" "Tin học" "null" "93.600 đ" "104.000 đ"
https://www.fahasa.com/ic3-gs5-doi-song-truc-tuyen-moi-377677.html https://cdn0.fahasa.com/media/catalog/product/i/m/image_195509_1_56280_1.jpg "

					IC3 GS5 - Đời Sống Trực Tuyến (Mới)				" "" "(0 đánh giá)" "null" "
				    IIG Viet Nam				" "
				    NXB Tổng Hợp TPHCM				" "
				    2020				" "
				    27.5 x 20.5 x 1 cm				" "
				    Bìa Mềm				" "
IC3 GS5 cũng bao gồm 3 phần: 
Phần 1: Máy Tính Cơ Bản
Phần 2: Các Ứng Dụng Chính
Phần 3: Cuộc Sống Trực Tuyến 
" "null" "Sách tiếng Việt" "Khoa học kỹ thuật" "Tin học" "null" "60.000 đ" "0"
https://www.fahasa.com/chat-gpt-ung-dung-tri-tue-nhan-tao-trong-cong-viec.html https://cdn0.fahasa.com/media/catalog/product/8/9/8936066696470.jpg "

					Chat GPT - Ứng Dụng Trí Tuệ Nhân Tạo Trong Công Việc				" "" "(0 đánh giá)" "
1980 Books " "
				    Dr. Gleb Tsipursky				" "
				    Dân Trí				" "
				    2023				" "
				    19 x 13 x 1.5 cm				" "
				    Bìa Mềm				" "
Chat GPT - Ứng Dụng Trí Tuệ Nhân Tạo Trong Công Việc
Sự ra mắt của Chat GPT đã gây nên một cơn sốt toàn cầu, mang đến nhiều kỳ vọng nhưng cũng rất nhiều lo ngại. Công cụ này được mệnh danh l&agrave trí tuệ nhân tạo AI thông minh nhất thế giới và có thể trò chuyện, trả lời đầy đủ bất kỳ các câu hỏi mà bạn đưa ra. Với một “kho kiến thức vô cùng phong phú, Chat GPT được xem là một mô hình ngôn ngữ tiên tiến nhất hiện nay.
Vậy làm sao để có thể sử dụng Chạt GPT vào công việc, học tập, cuộc sống của mình một cách hiệu quả. Cuốn sách “CHAT GPT” sẽ hướng dẫn bạn cách khai thác năng lực của trí tuệ nhân tạo để có thêm một trợ thủ đắc lực, từ đó cải thiện tối đa hiệu suất làm việc và mở ra hướng đi để bạn duy trì vị thế đứng đầu trong những lĩnh vực nhiều cạnh tranh. Cuốn sách sẽ giúp bạn tìm hiểu những kiến thức cơ bản nhất xoay quanh Chat GPT và cách ứng dụng nó để lên một nội dung thuyết trình, dàn ý podcast, nội dung trên mạng xã hội, thậm chí lập một kế hoạch tiếp thị.
Mục tiêu của cuốn sách là trao cho độc giả những kiến thức và công cụ cần thiết để khai thác sức mạnh của trí tuệ nhân tạo. Vì vậy, nếu bạn đã sẵn sàng đưa khả năng sáng tạo nội dung của mình lên một tầm cao mới, hãy tìm hiểu kỹ cuốn sách này và khám phá những khả năng vô tận mà Generative AI có thể mang lại. Với sự trợ giúp của ChatGPT, bạn có thể tạo ra những ý tưởng mới và đột phá, phân tích dữ liệu và tạo ra những nội dung cá nhân hóa đầy thu hút. Tương lai của việc sáng tạo nội dung chính là đây, và bây giờ là lúc ta khai thác sức mạnh của AI để luôn dẫn đầu với tư cách là một nhà lãnh đạo tư tưởng.
Về tác giả: 
Tiến sĩ Gleb Tsipursky là CEO của công ty chuyên tư vấn về tương lai của công việc, Disaster Avoidance Experts, chuyên trợ giúp các nhà lãnh đạo tận dụng cách làm việc hỗn hợp để cải thiện năng suất. Ông là tác giả của sáu cuốn sách và được biết đến nhiều nhất với cuốn sách bán chạy nhất toàn cầu, Never Go with Your Gut. Tư duy lãnh đạo tiên tiến của Tiến sĩ Tsipursky đã được đề cập trong hơn 650 bài báo và hơn 550 cuộc phỏng vấn mà ông đã thực hiện cho các trang nổi tiếng: Harvard Business Review, Fortune, USA Today,… 
" "
				    300				" "Sách tiếng Việt" "Khoa học kỹ thuật" "Tin học" "null" "109.850 đ" "169.000 đ"
https://www.fahasa.com/thiet-ke-slide-theo-phong-cach-thien.html https://cdn0.fahasa.com/media/catalog/product/i/m/image_178732.jpg "

					Thiết Kế Slide Theo Phong Cách Thiền				" "" "(0 đánh giá)" "
Alpha Books " "
				    Garr Reynolds				" "
				    NXB Thế Giới				" "
				    2018				" "
				    19 x 23				" "
				    Bìa Mềm				" "
Cuốn sách này hướng dẫn bạn cách kể chuyện hay hơn; cung cấp cho bạn các công cụ thiết kế để thuyết trình tự tin hơn. Dù là nhà nghiên cứu hay kỹ sư, hoạt động trong lĩnh vực kinh doanh hay giáo dục, bạn đều có thể áp dụng những bí quyết trong cuốn sách này để khoác một tấm áo mới tinh cho các bài thuyết trình của mình.
TÁC GIẢ:
Garr Reynolds là tác giả sách bán chạy nhất kiêm nhà thiết kế slide và thuyết trình hàng đầu với những khách hàng gồm nhiều tổ chức thuộc nhóm Fortune 500. Là tác giả, nhà thiết kế kiêm nhạc sĩ, hiện anh đang là Phó Giáo sư về Quản lý tại Đại học Kansai Gaidai, Nhật Bản. Garr cũng từng là ngườ đào tạo tổ chức cho Sumitomo Electric và là Giám đốc Quan hệ Nhóm Người dùng Toàn cầu tại Apple. 
" "
				    380				" "Sách tiếng Việt" "Khoa học kỹ thuật" "Tin học" "null" "186.420 đ" "239.000 đ"
https://www.fahasa.com/ic3-gs5-may-tinh-can-ban-moi-377679.html https://cdn0.fahasa.com/media/catalog/product/i/m/image_195509_1_56278_1.jpg "

					IC3 GS5 - Máy Tính Căn Bản (Mới)				" "" "(0 đánh giá)" "null" "
				    IIG Viet Nam				" "
				    NXB Tổng Hợp TPHCM				" "
				    2020				" "
				    27.5 x 20.5 x 1.2 cm				" "
				    Bìa Mềm				" "
IC3 GS5 cũng bao gồm 3 phần: 
Phần 1: Máy Tính Cơ Bản
Phần 2: Các Ứng Dụng Chính
Phần 3: Cuộc Sống Trực Tuyến 
" "null" "Sách tiếng Việt" "Khoa học kỹ thuật" "Tin học" "null" "58.500 đ" "65.000 đ"
https://www.fahasa.com/tuyet-chieu-phong-chong-rac-roi-tren-mang-cho-doanh-nghiep.html https://cdn0.fahasa.com/media/catalog/product/t/u/tuyet-chieu-phong-chong-rac-roi-tren-mang-cho-doanh-nghiep.x.b_1.jpg "

					Tuyệt Chiêu Phòng Chống Rắc Rối Trên Mạng Cho Doanh Nghiệp				" "" "(0 đánh giá)" "
MCBooks " "
				    John P David				" "
				    NXB Hồng Đức				" "
				    2018				" "
				    20.5 x 13 x 0.5 cm				" "
				    Bìa Mềm				" "
Tuyệt Chiêu Phòng Chống Rắc Rối Trên Mạng Cho Doanh Nghiệp
Tôi bắt đầu hứng thú với lĩnh vực quản trị danh tiếng trực tuyến do một sự kiện xảy ra vào năm 2013. Lúc đó, tôi đang đi nghỉ, anh trai Chris của tôi vốn là một luật sư đã gọi điện và hỏi liệu tôi có muốn hỗ trợ một trong những khách hàng doanh nghiệp của công ty anh ấy hay không (họ đang gặp khủng hoảng truyền thông). Sau khi Chris nói sơ qua, tôi đã đồng ý thảo luận vấn đề này với một trong số những cộng sự của anh.
Ngày hôm sau, khi gia đình tôi bắt đầu đi ngược về phía những dãy núi Bắc Carolina, tôi nói chuyện với đồng nghiệp của Chris và biết rằng khách hàng này đang bị một kẻ, có thể miêu tả chuẩn xác nhất bằng cái tên blogger nổi loạn, tấn công. Qua một
chuỗi những bài viết kích động, blogger này đang cố gắng hạ uy tín toàn bộ ngành. Vài bài đăng của hắn về các công ty khác đã thu hút được cộng đồng mạng và khách hàng này sợ rằng nếu cứ để gã hoành hành thì danh tiếng của công ty và có thể là toàn bộ việc kinh doanh sẽ bị tổn hại vô phương cứu chữa.
Chúng tôi đã phải nhanh chóng dựng lên một phương án phòng vệ. Trong khi vẫn ở trên núi, tôi đã được thuê làm việc và bắt đầu hỗ trợ các luật sư cũng như vị khách hàng này tìm cách tối thiểu hóa và cuối cùng ngăn chặn tổn hại cho danh tiếng của
công ty. Khi lục lại kinh nghiệm 20 năm làm cố vấn quan hệ công chúng của mình để đương đầu với vụ này, tôi nhận ra là chẳng ai có thể miễn nhiễm với các cuộc tấn công trên mạng. Bất cứ ai đều có thể nói bất cứ điều gì trên mạng và đôi khi người ta có rất ít khả năng tác động đến tình trạng ấy. Vụ việc với gã blogger tinh quái này đã nảy ra trong tôi rất nhiều ý tưởng và trong thời gian còn lại của tuần lên núi ấy, tôi đã phác ra một mô hình kinh doanh giúp mọi người đối mặt với các vấn đề quản trị danh tiếng trực tuyến. 
" "
				    387				" "Sách tiếng Việt" "Khoa học kỹ thuật" "Tin học" "null" "109.200 đ" "140.000 đ"
https://www.fahasa.com/microsoft-office-excel-2016-377680.html https://cdn0.fahasa.com/media/catalog/product/i/m/image_195509_1_50169_1.jpg "

					Microsoft Office Excel 2016				" "" "(0 đánh giá)" "null" "
				    IIG Việt Nam				" "
				    NXB Tổng Hợp TPHCM				" "
				    2020				" "
				    27.5 x 20.5 x 1.5 cm				" "
				    Bìa Mềm				" "
IIG Việt Nam - Đại diện chính thức & duy nhất của tổ chức Khảo thí Certiport và Viện Khảo thí Giáo dục Hoa Kỳ ( ETS) tại Việt Nam chuyên cung cấp các bài thi:
- Tin học quốc tế: MOS (Microsoft Office Specialist), IC3 (Internet and Computing Core Certification), ACA (Adove Certified Associate) , MTA (Microsoft Techonology Associate).
- Tiếng Anh quốc tế: TOEIC Speaking & Writing, TOEIC Listening & Reading, TOEIC Bridge, TOEFL ITP, TOEFL iBT, TOEFL Junior, TOEFL Primary, SAT, GRE... tại Việt Nam. 
" "
				    289				" "Sách tiếng Việt" "Khoa học kỹ thuật" "Tin học" "null" "87.300 đ" "97.000 đ"
https://www.fahasa.com/khai-thac-ung-dung-adobe-flash-vba-trong-day-hoc-so-va-truyen-thong.html https://cdn0.fahasa.com/media/catalog/product/i/m/image_191537.jpg "

					Khai Thác, Ứng Dụng Adobe Flash & Vba Trong Dạy Học Số Và Truyền Thông				" "" "(0 đánh giá)" "null" "
				    Phạm Quang Huy				" "
				    NXB Thanh Niên				" "
				    2018				" "
				    16 x 24				" "
				    Bìa Mềm				" "
Đây là tập 3 trong họ sách hướng dẫn các giáo viên, học sinh khai thác và sử dụng các phần mềm điện toán làm công cụ hỗ trợ góp phần đổi mới việc dạy và học.
Ứng dụng tin học triển khai hiệu quả chương trình CDIO và HEAP - thiết kế hệ thống quản lý học tập với Moodle.
Soạn bài giảng tương tác với Powerpoint, VBA, Quizbilder và Adobe Flash.
Khai thác, ứng dụng Adobe Flash và VBA trong dạy học số và truyền thông.
Ứng dụng công thông tin trong kiểm tra đánh giá.
Ứng dụng công nghê thông tin trong soạn trắc nghiệm tương tác. 
" "
				    360				" "Sách tiếng Việt" "Khoa học kỹ thuật" "Tin học" "null" "94.500 đ" "105.000 đ"
https://www.fahasa.com/ic3-spark-may-tinh-that-don-gian-tap-1-can-ban-ve-he-dieu-hanh-tai-ban-378029.html https://cdn0.fahasa.com/media/catalog/product/i/m/image_244718_1_1487.jpg "

					IC3 Spark - Máy Tính Thật Đơn Giản - Tập 1: Căn Bản Về Hệ Điều Hành (Tái Bản)				" "" "(0 đánh giá)" "null" "
				    IIG Việt Nam				" "
				    Tổng Hợp TPHCM				" "
				    2021				" "
				    26 x 19.5 x 0.5 cm				" "
				    Bìa Mềm				" "
IC3 Spark - Máy tính thật đơn giản - Tập 1: Căn bản về hệ điều hành
Máy tính thật đơn giản
Cung cấp các kiến thức cơ bản về máy tính: phần cứng, phần mềm, Hệ điều hành.
Các ứng dụng chủ chốt
Cung cấp các kiến thức và kỹ năng cơ bản trong việc sử dụng các chương trình ứng dụng Microsoft Word, Microsoft Excel và Microsoft Powerpoint.
Cuộc sống trực tuyến
Cung cấp các kỹ năng làm việc khi trực tuyến trong môi trường Internet. 
" "
				    67				" "Sách tiếng Việt" "Khoa học kỹ thuật" "Tin học" "null" "35.100 đ" "39.000 đ"
https://www.fahasa.com/giao-trinh-thiet-ke-co-khi-voi-solidworks-dung-cho-phien-ban-2019-2014.html https://cdn0.fahasa.com/media/catalog/product/i/m/image_191563.jpg "

					Giáo Trình Thiết Kế Cơ Khí Với Solidworks - Dùng Cho Phiên Bản 2019 - 2014				" "" "(0 đánh giá)" "null" "
				    Phạm Quang Huy				" "
				    NXB Thanh Niên				" "
				    2019				" "
				    24 x 16 x 1 cm				" "
				    Bìa Mềm				" "
Giáo Trình Thiết Kế Cơ Khí Với Solidworks - Dùng Cho Phiên Bản 2019 - 2014
Chúc mừng các bạn đến với Thế giới CAD-CAM qua cuốn sách “GIÁO | TRÌNH THIẾT KẾ CƠ KHÍ VỚI SOLIDWORKS”. Trong cuốn sách này, các bạn sẽ thực hành với chương trình Solidworks. Thật ra các bài tập trong cuốn sách này các bạn có thể sử dụng Pro Engineer hay Inventor để thiết kế nhưng ở đây tác giả chỉ sử dụng những công cụ cơ bản của Solidworks mà vẫn thiết kế nhanh những sản phẩm 3D. Thông qua các bài tập, Tủ sách STK gởi đến các bạn những điều diệu kỳ mà chương trình Solidworks mang lại. Với sức mạnh đầy quyền năng của chương trình, các bạn sẽ mau chóng trở thành những chuyên viên trong lãnh vực CAD-CAM. Các thao tác hướng dẫn trình bày trong tài liệu này chưa phải là nhanh cũng như tối ưu nhất mà đây chỉ là các bước trong quá trình thực hiện được tác giả ghi lại để mọi người tham khảo. Nếu bạn nào có các cách thực hiện khác xin chia sẻ kinh nghiệm cùng với tác giả hay tủ sách STK để cùng phổ biến tới mọi người để thế giới CADCAM ngày càng phong phú và hấp dẫn hơn.
Nội dung cuốn sách trình bày bao gồm: 14 bài tập thực hành với Solidworks chủ yếu là vẽ khối 3D trong môi trường Part sau đó là ghi kích thước, gán vật liệu trong môi trường Photoworks và lắp ráp trong môi trường Assembly. Phần trình bày trong bài tập 1 sẽ không có bài tập nào mà chỉ là những giới thiệu tổng quan về SolidWorks, đường dẫn để bạn tải về các file thực hành trong sách cũng như các bài tập làm thêm. Với những phần hướng dẫn trình bày vẽ chi tiết các bộ phận từ đơn giản đến phức tạp theo kiểu bắt tay chỉ việc, các bạn có thể hiểu rõ hơn về Solidworks, hệ thống lại các lệnh từ đó có thể khai thác, thiết kế các phần nâng cao trong những phân hệ đầy quyền năng của Solidworks. Là một trong những phần mềm CAD đi đầu, Dassault Systèmes SolidWorks Corp đã ra mắt SolidWorks với các tính năng thiết kế tối ưu cho một trải nghiệm thiết kế hoàn thiện, cung cấp các giải pháp thiết kế cho doanh nghiệp. Với các phiên bản mới chương trình làm việc thông minh, nhanh hơn với các tính năng mới mạnh mẽ góp phần tạo nên thành công cho các nhà thiết kế và kỹ sư. 
" "
				    420				" "Sách tiếng Việt" "Khoa học kỹ thuật" "Tin học" "null" "126.000 đ" "140.000 đ"
https://www.fahasa.com/ic3-gs5-cac-ung-dung-chinh-tai-ban.html https://cdn0.fahasa.com/media/catalog/product/i/c/ic3-gs5.jpg "

					IC3 GS5 - Các Ứng Dụng Chính (Tái Bản)				" "" "(0 đánh giá)" "null" "
				    IIG Viet Nam				" "
				    Tổng Hợp TPHCM				" "
				    2021				" "
				    27.5 x 20.5 x 1.1 cm				" "
				    Bìa Mềm				" "
IC3 GS5 cũng bao gồm 3 phần: 
Phần 1: Máy Tính Cơ Bản
Phần 2: Các Ứng Dụng Chính
Phần 3: Cuộc Sống Trực Tuyến 
" "
				    187				" "Sách tiếng Việt" "Khoa học kỹ thuật" "Tin học" "null" "63.000 đ" "70.000 đ"
https://www.fahasa.com/chat-gpt-va-10-ung-dung-ai-dinh-dam.html https://cdn0.fahasa.com/media/catalog/product/c/h/chat-gpt.jpg "

					Chat GPT Và 10++ Ứng Dụng AI Đình Đám				" "" "(0 đánh giá)" "
Alpha Books " "
				    Tuấn Hà				" "
				    Công Thương				" "
				    2023				" "
				    25 x 18 x 0.6 cm				" "
				    Bìa Mềm				" "
Chat GPT Và 10++ Ứng Dụng AI Đình Đám
Cuốn sách đưa ra những kiến thức mới về chatGPT – công cụ trí tuệ nhân tạo đang có sức hấp dẫn vô cùng lớn hiện nay. Trong cuốn sách này, tác giả giới thiệu về chatGPT và những tính năng cơ bản của nó, và những ứng dụng của trí tuệ nhân tạo nói chung trong các lĩnh vực như sản xuất, y tế và chăm sóc sức khỏe, giáo dục. Tiếp theo, tác giả chỉ ra hơn 10 ứng dụng AI mạnh mẽ nhất hiện nay có thể liên kết với chatGPT, đồng thời hướng dẫn từng bước về cách liên kết để độc giả có thể làm theo dễ dàng nhất. Cuốn sách này hướng đến những người đang quan tâm đến việc sử dụng trí tuệ nhân tạo cho công việc và cuộc sống và đang tìm kiếm những công cụ trí tuệ nhân tạo phù hợp với công việc của mình. 
" "
				    132				" "Sách tiếng Việt" "Khoa học kỹ thuật" "Tin học" "null" "139.300 đ" "199.000 đ"
https://www.fahasa.com/lap-trinh-iot-voi-arduino-249375.html https://cdn0.fahasa.com/media/catalog/product/i/m/image_191567.jpg "

					Lập Trình Iot Với Arduino				" "" "(0 đánh giá)" "null" "
				    TS Lê Mỹ Hà, KS Phạm Quang Huy				" "
				    NXB Thanh Niên				" "
				    2019				" "
				    24 x 16 cm				" "
				    Bìa Mềm				" "
Lập Trình Iot Với Arduino
ARDUINO và lập trình ToT có 3 phần với 10 chương.
Phần 1: Giới thiệuChương 1: Tổng quan về hệ thống nhúng, về IoT, về Arduino, Arduino và Raspberry, Serial monitor, các link kiện thực hành.
Phần 2: ARDUINO và Cảm biếnChương 2: Tổng quan về cảm biếnChương 3: Thực hành với Qrduino1) Đọc giá trị điện áp ngõ vào Analog2) Điều khiển tốc độ sáng tắt với biến trở3) Lập trình với ngõ vào (Input)4) Mạch sử dụng hai nút nhấn và một Led5) Mạch sử dụng chiết áp6) Điều khiển Led RGB7) Điều khiển Led cầu vòng8) Điều khiển Led sáng dạng thanhChương 4: Arduino và cảm biếnArduino và cảm biến Nhiệt độ-Độ ẩm. Cảm biến tiệm cận. Arduino và cảm biến hồng ngoại. Cảm biến quang. Cảm biến khói-đầu dò khói. Arduino và cảm biến dịch chuyển PIR. Đo nhiệt độ,độ ẩm từ xa với bo thu phát cao tần .
Phần 3: Lập trình IOT với ARDUINO VÀ ESP8266Chương 5: Truyền thông có dây và không dâyChương 6: Cấu hình cho ESP8266Chương 7: Các bài tập cơ bản khác của ESP8266Chương 8: Một số tính năng khác của ESP8266Chương 9: Sử dụng Micro Python trong ESP8266Chương 10: Lập trình với GPS, GSM và GPRSHệ thống định vị toàn cầu (GPS). Bảng thông báo không dây sử dụng GSM và Arduino. Gủi dữ liệu qua GPRS Sim800I đến Thingspeak. Khắc phục sự cố khi sử dụng Sim800I. Lập trình GPS với STM32 
" "
				    464				" "Sách tiếng Việt" "Khoa học kỹ thuật" "Tin học" "null" "135.000 đ" "150.000 đ"
https://www.fahasa.com/greatcad-phan-mem-thiet-ke-greatcad-phien-ban-tieu-chuan-1-0-9-0-giao-dien-tieng-viet-cd-04-2021.html https://cdn0.fahasa.com/media/catalog/product/i/m/image_244718_1_4824.jpg "

					GreatCAD - Phần Mềm Thiết Kế GreatCAD Phiên Bản Tiêu Chuẩn 1.0.9.0 - Giao Diện Tiếng Việt (CD/04/2021)				" "" "(0 đánh giá)" "
Công Ty TNHH Thế Giới CAD " "
				    GreatCAD				" "null" "
				    2021				" "null" "
				    CD/DVD				" "
Năm sản xuất: 2021
TCSP:  (01 thẻ bản quyền, 01 sách HDSD, 01 tập tin cài đặt lưu trong đĩa CD)/ hộp.
HSD: 01 năm
GreatCAD 2D là phần mềm thiết kế có giao diện hoàn toàn bằng tiếng Việt đầu tiên tại Việt Nam. GreatCAD 2D là công cụ tiện ích, linh hoạt trong vẽ - thiết kế 2D. Nguyên lý thuyết kế tối giản được hiện thực trong phần mềm giúp người dùng có một công cụ thiết kế  mạnh mẽ, đa năng và hiện đại. Bộ phần mềm thiết kế GreatCAD 2D phiên bản tiêu chuẩn bao gồm: thẻ bản quyền (01 năm), tập tin cài đặt được lưu trong 01 CD và một quyển sách hướng dẫn thiết kế.
Sách hướng dẫn thiết kế giới thiệu đến người sử dụng các chức năng cơ bản của phần mềm, từ vẽ điểm, đường thẳng, đường tròn, cung tròn, spline, cho đến tạo các biên với hình dạng bất kỳ. Ngoài ra, người dùng còn có thể tùy chỉnh vật liệu, màu sắc của chi tiết, mặt phẳng cũng như chèn các hình ảnh vào chi tiết 2D. Giao diện thiết kế bằng tiếng Việt là một ưu điểm nổi bật so với các sản phẩm phần mềm tương tự.
Thư viện tham khảo thiết kế được thường xuyên cập nhật trên không gian thiết kế iSolid là kho vật thể ứng dụng 2D – 3D: bản vẽ, hoa văn, chi tiết, được giới thiệu, thiết kế từ cộng đồng GreatCAD -  iSolid, người dùng có thể tải về để bổ sung vào bản vẽ thiết kế. 
" "null" "Sách tiếng Việt" "Khoa học kỹ thuật" "Tin học" "null" "397.000 đ" "0"
https://www.fahasa.com/lap-trinh-va-giam-sat-mang-truyen-thong-cong-nghiep-scada.html https://cdn0.fahasa.com/media/catalog/product/i/m/image_195509_1_515.jpg "

					Lập Trình Và Giám Sát Mạng Truyền Thông Công Nghiệp Scada				" "" "(0 đánh giá)" "null" "
				    Nhiều Tác Giả				" "
				    NXB Thanh Niên				" "
				    2019				" "
				    16 x 24				" "
				    Bìa Mềm				" "
Nội dung trình bày trong sách gồm 2 phần với 8 chương:
- Phần 1: Gồm 5 chương từ 1 đến 5 trình bày lý thuyết về mạng truyền thông công nghiệp.
- Phần 2: Gồm 3 chương còn lại từ 6 đến 8 là các bài tập thực hành hướng dẫn kết nối các phần tử trong hệ thống với nhau thông qua công cụ phần mềm TIA PORTAL của Siemens. 
" "
				    440				" "Sách tiếng Việt" "Khoa học kỹ thuật" "Tin học" "null" "135.000 đ" "150.000 đ"
https://www.fahasa.com/greatcad-phan-mem-thiet-ke-greatcad-phien-ban-tieu-chuan-1-0-9-0-giao-dien-tieng-viet-usb-04-2021.html https://cdn0.fahasa.com/media/catalog/product/i/m/image_244718_1_4825.jpg "

					GreatCAD - Phần Mềm Thiết Kế GreatCAD Phiên Bản Tiêu Chuẩn 1.0.9.0 - Giao Diện Tiếng Việt (USB/04/2021)				" "" "(0 đánh giá)" "
Công Ty TNHH Thế Giới CAD " "
				    GreatCAD				" "null" "
				    2021				" "null" "
				    CD/DVD				" "
Năm sản xuất: 2021
TCSP: 01 thẻ bản quyền, 01 sách HDSD, 01 tập tin cài đặt lưu trong 01 USB)/ hộp.
HSD: 01 năm
GreatCAD 2D là phần mềm thiết kế có giao diện hoàn toàn bằng tiếng Việt đầu tiên tại Việt Nam. GreatCAD 2D là công cụ tiện ích, linh hoạt trong vẽ - thiết kế 2D. Nguyên lý thuyết kế tối giản được hiện thực trong phần mềm giúp người dùng có một công cụ thiết kế mạnh mẽ, đa năng và hiện đại. Bộ phần mềm thiết kế GreatCAD 2D phiên bản tiêu chuẩn bao gồm: thẻ bản quyền (01 năm), tập tin cài đặt được lưu trong 01 USB và một quyển sách hướng dẫn thiết kế.
Sách hướng dẫn thiết kế giới thiệu đến người sử dụng các chức năng cơ bản của phần mềm, từ vẽ điểm, đường thẳng, đường tròn, cung tròn, spline, cho đến tạo các biên với hình dạng bất kỳ. Ngoài ra, người dùng còn có thể tùy chỉnh vật liệu, màu sắc của chi tiết, mặt phẳng cũng như chèn các hình ảnh vào chi tiết 2D. Giao diện thiết kế bằng tiếng Việt là một ưu điểm nổi bật so với các sản phẩm phần mềm tương tự.
Thư viện tham khảo thiết kế được thường xuyên cập nhật trên không gian thiết kế iSolid là kho vật thể ứng dụng 2D – 3D: bản vẽ, hoa văn, chi tiết, được giới thiệu, thiết kế từ cộng đồng GreatCAD - iSolid, người dùng có thể tải về để bổ sung vào bản vẽ thiết kế. 
" "null" "Sách tiếng Việt" "Khoa học kỹ thuật" "Tin học" "null" "447.000 đ" "0"
https://www.fahasa.com/isolid-phan-mem-thiet-ke-isolid-3d-phien-ban-tieu-chuan-1-0-7-0-giao-dien-tieng-viet-cd-04-2021.html https://cdn0.fahasa.com/media/catalog/product/i/m/image_244718_1_4826.jpg "

					iSolid - Phần Mềm Thiết Kế iSolid 3D Phiên Bản Tiêu Chuẩn 1.0.7.0 - Giao Diện Tiếng Việt (CD/04/2021)				" "" "(0 đánh giá)" "
Công Ty TNHH Thế Giới CAD " "
				    GreatCAD				" "null" "
				    2021				" "null" "
				    CD/DVD				" "
iSolid-Phần mềm thiết kế iSolid 3D phiên bản tiêu chuẩn 1.0.7.0 - Giao diện tiếng Việt (CD/04/2021)
Năm sản xuất: 2021
TCSP:  (01 thẻ bản quyền, 01 sách HDSD, 01 tập tin cài đặt lưu trong đĩa CD)/ hộp.
HSD: 01 năm
iSolid 3D là phần mềm thiết kế có giao diện hoàn toàn bằng tiếng Việt. Các kỹ thuật thiết kế được tích hợp trong phần mềm  nhằm hỗ trợ tối đa người dùng có thể thiết kế, lắp ráp tất cả sản phẩm trong thế giới thực. Nguyên lý thuyết kế tối giản được hiện thực trong phần mềm giúp người dùng có một công cụ thiết kế  mạnh mẽ, đa năng và hiện đại. Bộ phần mềm thiết kế iSolid 3D phiên bản tiêu chuẩn bao gồm: thẻ bản quyền (01 năm), tập tin cài đặt được lưu trong 01 CD và một quyển sách hướng dẫn thiết kế.
Sách hướng dẫn thiết kế giới thiệu đến người sử dụng các chức năng cơ bản của phần mềm, từ thiết kế bản vẽ 2D tạo biên dạng cho mặt phẳng đến những chức năng dựng hình 3D để tạo thành một chi tiết hoặc sản phẩm. Các chi tiết, sản phẩm rời rạc sẽ được lắp ráp thành cụm chi tiết, sản phẩm hoàn chỉnh trong môi trường lắp ráp 3D của phần mềm. Ngoài ra, người dùng còn có thể tùy chỉnh vật liệu, màu sắc của chi tiết cũng như chèn các hình ảnh vào sản phẩm. Giao diện thiết kế bằng tiếng Việt là một ưu điểm nổi bật so với các sản phẩm phần mềm tương tự.
Thư viện tham khảo thiết kế được thường xuyên cập nhật trên không gian thiết kế iSolid là kho vật thể ứng dụng 2D – 3D: mô hình robot, nhà cửa, gia dụng, phương tiện giao thông, chi tiết..  được giới thiệu, thiết kế từ cộng đồng iSolid,.. người dùng có thể tải về để bổ sung vào sản phẩm thiết kế. 
" "null" "Sách tiếng Việt" "Khoa học kỹ thuật" "Tin học" "null" "794.000 đ" "0"
https://www.fahasa.com/hiem-hoa-hacker-hieu-biet-va-phong-chong-tai-ban-2018.html https://cdn0.fahasa.com/media/catalog/product/i/m/image_195509_1_13560.jpg "

					Hiểm Họa Hacker Hiểu Biết Và Phòng Chống (Tái Bản 2018)				" "" "(0 đánh giá)" "null" "
				    Mikhaylov Dmitry, Alexey Pronichkin				" "
				    NXB Tổng Hợp TPHCM				" "
				    2018				" "
				    14 x 21 cm				" "
				    Bìa Mềm				" "
Gần đây người ta thường nói đến hacker (hiểu theo nghĩa tiêu cực là tin tặc), đến sự nguy hiểm của những cuộc tấn công mạng. Nhưng nhiều người trong số chúng ta vẫn cho rằng, mối đe dọa này chẳng mấy liên quan đến thường dân. Thực tế lại không như vậy. Hầu như tất cả các công trình công nghiệp hiện nay đều đã được tự động hóa, ứng dụng công nghệ thông tin (CNTT), trong đó có những công trình đặc biệt quan trọng đối với một quốc gia như chế biến dầu khí, nhà máy điện, cảng hàng không... Cuốn sách này đề cập đến một vấn đề quan trọng: an ninh của các công trình công nghiệp tối quan trọng, và cũng là an ninh của quốc gia nói chung.
Việc tự động hóa, ứng dụng CNTT trong sản xuất giúp nâng cao độ tin cậy, tăng năng suất vì loại bỏ được lỗi do con người gây ra. Thế nhưng, đây lại chính là mục tiêu tấn công của hacker. Trên thế giới hiện nay đã có nhiều trường hợp xảy ra, chỉ một nhóm hacker cũng có thể làm đình trệ cả một hệ thống lớn.
Ví dụ điển hình là cuộc tấn công bằng mã độc vào Cụm cảng Hàng không Việt Nam tại Nội Bài và Tân Sơn Nhất vào cuối tháng 7/2016 đã gây ngưng trệ hoạt động tại các sân bay, đồng thời một lượng dữ liệu lớn của khách hàng Vietnam Airlines bị đánh cắp. Chưa dừng ở đó, vụ mất tiền từ tài khoản của khách hàng tại Vietcombank cũng cho thấy có bàn tay của hacker chuyên nghiệp.
Sẽ ra sao nếu như đứng sau những cuộc tấn công như vậy lại là bọn khủng bố, hay tệ hơn là kẻ thù tiềm năng, và thậm chí cả một quốc gia thù địch với tiềm lực công nghệ lẫn tài chính mạnh hơn rất nhiều, nghĩa là khả năng đạt mục tiêu cũng lớn hơn và hậu quả sẽ thảm khốc hơn.
Chính vì vậy, sự ra mắt của cuốn sách “Hiểm họa hacker: Hiểu biết và phòng chống” là rất đúng lúc và cần thiết. Tác giả của cuốn sách này là một nhà khoa học Nga - chuyên gia về an ninh thông tin. Và chúng ta đều biết rằng an ninh thông tin của Nga là một trong những trường phái mạnh hàng đầu thế giới.
Cuốn sách rất thiết thực cho cán bộ và đại diện các cơ quan an ninh, nó cũng cần thiết cho lãnh đạo các công trình tối quan trọng để nhận thức rõ tính cấp thiết của vấn đề an ninh thông tin. Hơn nữa, cuốn sách còn rất bổ ích cho các doanh nhân, chuyên viên CNTT, và cho cả những người quan tâm đến CNTT và an ninh mạng. 
" "
				    344				" "Sách tiếng Việt" "Khoa học kỹ thuật" "Tin học" "null" "125.100 đ" "139.000 đ"
https://www.fahasa.com/isolid-phan-mem-thiet-ke-isolid-3d-phien-ban-tieu-chuan-1-0-7-0-giao-dien-tieng-viet-usb-04-2021.html https://cdn0.fahasa.com/media/catalog/product/i/m/image_244718_1_4827.jpg "

					iSolid - Phần Mềm Thiết Kế iSolid 3D Phiên Bản Tiêu Chuẩn 1.0.7.0 - Giao Diện Tiếng Việt (USB/04/2021)				" "" "(0 đánh giá)" "
Công Ty TNHH Thế Giới CAD " "
				    GreatCAD				" "null" "
				    2021				" "null" "
				    CD/DVD				" "
iSolid-Phần mềm thiết kế iSolid 3D phiên bản tiêu chuẩn 1.0.7.0 - Giao diện tiếng Việt (USB/04/2021)
Năm sản xuất: 2021
TCSP:  (01 thẻ bản quyền, 01 sách HDSD, 01 tập tin cài đặt lưu trong 01 USB)/ hộp.
HSD: 01 năm
iSolid 3D là phần mềm thiết kế có giao diện hoàn toàn bằng tiếng Việt. Các kỹ thuật thiết kế được tích hợp trong phần mềm  nhằm hỗ trợ tối đa người dùng có thể thiết kế, lắp ráp tất cả sản phẩm trong thế giới thực. Nguyên lý thuyết kế tối giản được hiện thực trong phần mềm giúp người dùng có một công cụ thiết kế  mạnh mẽ, đa năng và hiện đại. Bộ phần mềm thiết kế iSolid 3D phiên bản tiêu chuẩn bao gồm: thẻ bản quyền (01 năm), tập tin cài đặt được lưu trong 01 USB và một quyển sách hướng dẫn thiết kế.
Sách hướng dẫn thiết kế giới thiệu đến người sử dụng các chức năng cơ bản của phần mềm, từ thiết kế bản vẽ 2D tạo biên dạng cho mặt phẳng đến những chức năng dựng hình 3D để tạo thành một chi tiết hoặc sản phẩm. Các chi tiết, sản phẩm rời rạc sẽ được lắp ráp thành cụm chi tiết, sản phẩm hoàn chỉnh trong môi trường lắp ráp 3D của phần mềm. Ngoài ra, người dùng còn có thể tùy chỉnh vật liệu, màu sắc của chi tiết cũng như chèn các hình ảnh vào sản phẩm. Giao diện thiết kế bằng tiếng Việt là một ưu điểm nổi bật so với các sản phẩm phần mềm tương tự.
Thư viện tham khảo thiết kế được thường xuyên cập nhật trên không gian thiết kế iSolid là kho vật thể ứng dụng 2D – 3D: mô hình robot, nhà cửa, gia dụng, phương tiện giao thông, chi tiết..  được giới thiệu, thiết kế từ cộng đồng iSolid,.. người dùng có thể tải về để bổ sung vào sản phẩm thiết kế. 
" "null" "Sách tiếng Việt" "Khoa học kỹ thuật" "Tin học" "null" "894.000 đ" "0"
